SAMPLE	CHR-START-END	CNV_type	QS	NP	GENE
EPC22-XBQB	chr18-158349-7505589	DEL	3076.53	761	ZBTB14
EPC22-XBQB	chr18-158349-7505589	DEL	3076.53	761	YES1
EPC22-XBQB	chr18-158349-7505589	DEL	3076.53	761	USP14
EPC22-XBQB	chr18-158349-7505589	DEL	3076.53	761	TYMSOS
EPC22-XBQB	chr18-158349-7505589	DEL	3076.53	761	TYMS
EPC22-XBQB	chr18-158349-7505589	DEL	3076.53	761	TMEM200C
EPC22-XBQB	chr18-158349-7505589	DEL	3076.53	761	THOC1
EPC22-XBQB	chr18-158349-7505589	DEL	3076.53	761	TGIF1
EPC22-XBQB	chr18-158349-7505589	DEL	3076.53	761	SMCHD1
EPC22-XBQB	chr18-158349-7505589	DEL	3076.53	761	NDC80
EPC22-XBQB	chr18-158349-7505589	DEL	3076.53	761	MYOM1
EPC22-XBQB	chr18-158349-7505589	DEL	3076.53	761	MYL12B
EPC22-XBQB	chr18-158349-7505589	DEL	3076.53	761	MYL12A
EPC22-XBQB	chr18-158349-7505589	DEL	3076.53	761	METTL4
EPC22-XBQB	chr18-158349-7505589	DEL	3076.53	761	LRRC30
EPC22-XBQB	chr18-158349-7505589	DEL	3076.53	761	LPIN2
EPC22-XBQB	chr18-158349-7505589	DEL	3076.53	761	LAMA1
EPC22-XBQB	chr18-158349-7505589	DEL	3076.53	761	L3MBTL4
EPC22-XBQB	chr18-158349-7505589	DEL	3076.53	761	EPB41L3
EPC22-XBQB	chr18-158349-7505589	DEL	3076.53	761	ENOSF1
EPC22-XBQB	chr18-158349-7505589	DEL	3076.53	761	EMILIN2
EPC22-XBQB	chr18-158349-7505589	DEL	3076.53	761	DLGAP1
EPC22-XBQB	chr18-158349-7505589	DEL	3076.53	761	COLEC12
EPC22-XBQB	chr18-158349-7505589	DEL	3076.53	761	CLUL1
EPC22-XBQB	chr18-158349-7505589	DEL	3076.53	761	CETN1
EPC22-XBQB	chr18-158349-7505589	DEL	3076.53	761	ARHGAP28
EPC22-XBQB	chr18-158349-7505589	DEL	3076.53	761	AKAIN1
EPC22-XBQB	chr18-158349-7505589	DEL	3076.53	761	ADCYAP1
EPD22-HYAA	chr1-179617799-184296216	DEL	3076.53	186	ZNF648
EPD22-HYAA	chr1-179617799-184296216	DEL	3076.53	186	XPR1
EPD22-HYAA	chr1-179617799-184296216	DEL	3076.53	186	TSEN15
EPD22-HYAA	chr1-179617799-184296216	DEL	3076.53	186	TOR1AIP2
EPD22-HYAA	chr1-179617799-184296216	DEL	3076.53	186	TOR1AIP1
EPD22-HYAA	chr1-179617799-184296216	DEL	3076.53	186	TEDDM1
EPD22-HYAA	chr1-179617799-184296216	DEL	3076.53	186	TDRD5
EPD22-HYAA	chr1-179617799-184296216	DEL	3076.53	186	STX6
EPD22-HYAA	chr1-179617799-184296216	DEL	3076.53	186	SMG7
EPD22-HYAA	chr1-179617799-184296216	DEL	3076.53	186	SHCBP1L
EPD22-HYAA	chr1-179617799-184296216	DEL	3076.53	186	RNASEL
EPD22-HYAA	chr1-179617799-184296216	DEL	3076.53	186	RGSL1
EPD22-HYAA	chr1-179617799-184296216	DEL	3076.53	186	RGS8
EPD22-HYAA	chr1-179617799-184296216	DEL	3076.53	186	RGS16
EPD22-HYAA	chr1-179617799-184296216	DEL	3076.53	186	RGL1
EPD22-HYAA	chr1-179617799-184296216	DEL	3076.53	186	QSOX1
EPD22-HYAA	chr1-179617799-184296216	DEL	3076.53	186	NPL
EPD22-HYAA	chr1-179617799-184296216	DEL	3076.53	186	NMNAT2
EPD22-HYAA	chr1-179617799-184296216	DEL	3076.53	186	NCF2
EPD22-HYAA	chr1-179617799-184296216	DEL	3076.53	186	MR1
EPD22-HYAA	chr1-179617799-184296216	DEL	3076.53	186	LHX4
EPD22-HYAA	chr1-179617799-184296216	DEL	3076.53	186	LAMC2
EPD22-HYAA	chr1-179617799-184296216	DEL	3076.53	186	LAMC1
EPD22-HYAA	chr1-179617799-184296216	DEL	3076.53	186	KIAA1614
EPD22-HYAA	chr1-179617799-184296216	DEL	3076.53	186	IER5
EPD22-HYAA	chr1-179617799-184296216	DEL	3076.53	186	GLUL
EPD22-HYAA	chr1-179617799-184296216	DEL	3076.53	186	FAM163A
EPD22-HYAA	chr1-179617799-184296216	DEL	3076.53	186	DHX9
EPD22-HYAA	chr1-179617799-184296216	DEL	3076.53	186	COLGALT2
EPD22-HYAA	chr1-179617799-184296216	DEL	3076.53	186	CEP350
EPD22-HYAA	chr1-179617799-184296216	DEL	3076.53	186	CACNA1E
EPD22-HYAA	chr1-179617799-184296216	DEL	3076.53	186	ARPC5
EPD22-HYAA	chr1-179617799-184296216	DEL	3076.53	186	APOBEC4
EPD22-HYAA	chr1-179617799-184296216	DEL	3076.53	186	ACBD6
EPC22-GOJD	chr15-98004602-103091099	DEL	3076.53	175	TTC23
EPC22-GOJD	chr15-98004602-103091099	DEL	3076.53	175	TM2D3
EPC22-GOJD	chr15-98004602-103091099	DEL	3076.53	175	TARSL2
EPC22-GOJD	chr15-98004602-103091099	DEL	3076.53	175	SYNM
EPC22-GOJD	chr15-98004602-103091099	DEL	3076.53	175	SNRPA1
EPC22-GOJD	chr15-98004602-103091099	DEL	3076.53	175	SELENOS
EPC22-GOJD	chr15-98004602-103091099	DEL	3076.53	175	PGPEP1L
EPC22-GOJD	chr15-98004602-103091099	DEL	3076.53	175	PCSK6
EPC22-GOJD	chr15-98004602-103091099	DEL	3076.53	175	OR4F6
EPC22-GOJD	chr15-98004602-103091099	DEL	3076.53	175	OR4F4
EPC22-GOJD	chr15-98004602-103091099	DEL	3076.53	175	OR4F15
EPC22-GOJD	chr15-98004602-103091099	DEL	3076.53	175	MEF2A
EPC22-GOJD	chr15-98004602-103091099	DEL	3076.53	175	LYSMD4
EPC22-GOJD	chr15-98004602-103091099	DEL	3076.53	175	LRRK1
EPC22-GOJD	chr15-98004602-103091099	DEL	3076.53	175	LRRC28
EPC22-GOJD	chr15-98004602-103091099	DEL	3076.53	175	LOC100128108
EPC22-GOJD	chr15-98004602-103091099	DEL	3076.53	175	LINS1
EPC22-GOJD	chr15-98004602-103091099	DEL	3076.53	175	IGF1R
EPC22-GOJD	chr15-98004602-103091099	DEL	3076.53	175	FAM169B
EPC22-GOJD	chr15-98004602-103091099	DEL	3076.53	175	CHSY1
EPC22-GOJD	chr15-98004602-103091099	DEL	3076.53	175	CERS3
EPC22-GOJD	chr15-98004602-103091099	DEL	3076.53	175	ASB7
EPC22-GOJD	chr15-98004602-103091099	DEL	3076.53	175	ALDH1A3
EPC22-GOJD	chr15-98004602-103091099	DEL	3076.53	175	ADAMTS17
EPF22-SBRE	chr16-14988718-16616039	DEL	3076.53	135	RRN3
EPF22-SBRE	chr16-14988718-16616039	DEL	3076.53	135	PKD1P1
EPF22-SBRE	chr16-14988718-16616039	DEL	3076.53	135	PDXDC1
EPF22-SBRE	chr16-14988718-16616039	DEL	3076.53	135	NTAN1
EPF22-SBRE	chr16-14988718-16616039	DEL	3076.53	135	NPIPA7
EPF22-SBRE	chr16-14988718-16616039	DEL	3076.53	135	NPIPA5
EPF22-SBRE	chr16-14988718-16616039	DEL	3076.53	135	NOMO3
EPF22-SBRE	chr16-14988718-16616039	DEL	3076.53	135	NDE1
EPF22-SBRE	chr16-14988718-16616039	DEL	3076.53	135	MYH11
EPF22-SBRE	chr16-14988718-16616039	DEL	3076.53	135	MPV17L
EPF22-SBRE	chr16-14988718-16616039	DEL	3076.53	135	MARF1
EPF22-SBRE	chr16-14988718-16616039	DEL	3076.53	135	FOPNL
EPF22-SBRE	chr16-14988718-16616039	DEL	3076.53	135	C16orf45
EPF22-SBRE	chr16-14988718-16616039	DEL	3076.53	135	ABCC6
EPF22-SBRE	chr16-14988718-16616039	DEL	3076.53	135	ABCC1
EPD22-AHFW	chr4-45622-1352389	DUP	3076.53	128	ZNF732
EPD22-AHFW	chr4-45622-1352389	DUP	3076.53	128	ZNF721
EPD22-AHFW	chr4-45622-1352389	DUP	3076.53	128	ZNF718
EPD22-AHFW	chr4-45622-1352389	DUP	3076.53	128	ZNF595
EPD22-AHFW	chr4-45622-1352389	DUP	3076.53	128	ZNF141
EPD22-AHFW	chr4-45622-1352389	DUP	3076.53	128	UVSSA
EPD22-AHFW	chr4-45622-1352389	DUP	3076.53	128	TMEM175
EPD22-AHFW	chr4-45622-1352389	DUP	3076.53	128	SPON2
EPD22-AHFW	chr4-45622-1352389	DUP	3076.53	128	SLC49A3
EPD22-AHFW	chr4-45622-1352389	DUP	3076.53	128	SLC26A1
EPD22-AHFW	chr4-45622-1352389	DUP	3076.53	128	RNF212
EPD22-AHFW	chr4-45622-1352389	DUP	3076.53	128	PIGG
EPD22-AHFW	chr4-45622-1352389	DUP	3076.53	128	PDE6B
EPD22-AHFW	chr4-45622-1352389	DUP	3076.53	128	PCGF3
EPD22-AHFW	chr4-45622-1352389	DUP	3076.53	128	MYL5
EPD22-AHFW	chr4-45622-1352389	DUP	3076.53	128	MAEA
EPD22-AHFW	chr4-45622-1352389	DUP	3076.53	128	IDUA
EPD22-AHFW	chr4-45622-1352389	DUP	3076.53	128	GAK
EPD22-AHFW	chr4-45622-1352389	DUP	3076.53	128	FGFRL1
EPD22-AHFW	chr4-45622-1352389	DUP	3076.53	128	DGKQ
EPD22-AHFW	chr4-45622-1352389	DUP	3076.53	128	CTBP1
EPD22-AHFW	chr4-45622-1352389	DUP	3076.53	128	CPLX1
EPD22-AHFW	chr4-45622-1352389	DUP	3076.53	128	ATP5ME
EPF22-WRQS	chr16-29400709-30451388	DEL	3076.53	124	ZNF771
EPF22-WRQS	chr16-29400709-30451388	DEL	3076.53	124	ZNF48
EPF22-WRQS	chr16-29400709-30451388	DEL	3076.53	124	ZG16
EPF22-WRQS	chr16-29400709-30451388	DEL	3076.53	124	YPEL3
EPF22-WRQS	chr16-29400709-30451388	DEL	3076.53	124	TMEM219
EPF22-WRQS	chr16-29400709-30451388	DEL	3076.53	124	TBX6
EPF22-WRQS	chr16-29400709-30451388	DEL	3076.53	124	TBC1D10B
EPF22-WRQS	chr16-29400709-30451388	DEL	3076.53	124	TAOK2
EPF22-WRQS	chr16-29400709-30451388	DEL	3076.53	124	SULT1A4
EPF22-WRQS	chr16-29400709-30451388	DEL	3076.53	124	SULT1A3
EPF22-WRQS	chr16-29400709-30451388	DEL	3076.53	124	SPN
EPF22-WRQS	chr16-29400709-30451388	DEL	3076.53	124	SLX1B
EPF22-WRQS	chr16-29400709-30451388	DEL	3076.53	124	SLX1A
EPF22-WRQS	chr16-29400709-30451388	DEL	3076.53	124	SEZ6L2
EPF22-WRQS	chr16-29400709-30451388	DEL	3076.53	124	SEPT1
EPF22-WRQS	chr16-29400709-30451388	DEL	3076.53	124	SEPHS2
EPF22-WRQS	chr16-29400709-30451388	DEL	3076.53	124	QPRT
EPF22-WRQS	chr16-29400709-30451388	DEL	3076.53	124	PRRT2
EPF22-WRQS	chr16-29400709-30451388	DEL	3076.53	124	PPP4C
EPF22-WRQS	chr16-29400709-30451388	DEL	3076.53	124	PAGR1
EPF22-WRQS	chr16-29400709-30451388	DEL	3076.53	124	NPIPB13
EPF22-WRQS	chr16-29400709-30451388	DEL	3076.53	124	NPIPB12
EPF22-WRQS	chr16-29400709-30451388	DEL	3076.53	124	NPIPB11
EPF22-WRQS	chr16-29400709-30451388	DEL	3076.53	124	MYLPF
EPF22-WRQS	chr16-29400709-30451388	DEL	3076.53	124	MVP
EPF22-WRQS	chr16-29400709-30451388	DEL	3076.53	124	MAZ
EPF22-WRQS	chr16-29400709-30451388	DEL	3076.53	124	MAPK3
EPF22-WRQS	chr16-29400709-30451388	DEL	3076.53	124	KIF22
EPF22-WRQS	chr16-29400709-30451388	DEL	3076.53	124	KCTD13
EPF22-WRQS	chr16-29400709-30451388	DEL	3076.53	124	INO80E
EPF22-WRQS	chr16-29400709-30451388	DEL	3076.53	124	HIRIP3
EPF22-WRQS	chr16-29400709-30451388	DEL	3076.53	124	GDPD3
EPF22-WRQS	chr16-29400709-30451388	DEL	3076.53	124	FAM57B
EPF22-WRQS	chr16-29400709-30451388	DEL	3076.53	124	DOC2A
EPF22-WRQS	chr16-29400709-30451388	DEL	3076.53	124	DCTPP1
EPF22-WRQS	chr16-29400709-30451388	DEL	3076.53	124	CORO1A
EPF22-WRQS	chr16-29400709-30451388	DEL	3076.53	124	CDIPT
EPF22-WRQS	chr16-29400709-30451388	DEL	3076.53	124	CD2BP2
EPF22-WRQS	chr16-29400709-30451388	DEL	3076.53	124	C16orf92
EPF22-WRQS	chr16-29400709-30451388	DEL	3076.53	124	C16orf54
EPF22-WRQS	chr16-29400709-30451388	DEL	3076.53	124	BOLA2B
EPF22-WRQS	chr16-29400709-30451388	DEL	3076.53	124	BOLA2-SMG1P6
EPF22-WRQS	chr16-29400709-30451388	DEL	3076.53	124	BOLA2
EPF22-WRQS	chr16-29400709-30451388	DEL	3076.53	124	ASPHD1
EPF22-WRQS	chr16-29400709-30451388	DEL	3076.53	124	ALDOA
EPF22-XCGX	chr20-23970738-26258777	DEL	3076.53	121	ZNF337
EPF22-XCGX	chr20-23970738-26258777	DEL	3076.53	121	VSX1
EPF22-XCGX	chr20-23970738-26258777	DEL	3076.53	121	SYNDIG1
EPF22-XCGX	chr20-23970738-26258777	DEL	3076.53	121	PYGB
EPF22-XCGX	chr20-23970738-26258777	DEL	3076.53	121	NINL
EPF22-XCGX	chr20-23970738-26258777	DEL	3076.53	121	NANP
EPF22-XCGX	chr20-23970738-26258777	DEL	3076.53	121	GINS1
EPF22-XCGX	chr20-23970738-26258777	DEL	3076.53	121	GGTLC1
EPF22-XCGX	chr20-23970738-26258777	DEL	3076.53	121	ENTPD6
EPF22-XCGX	chr20-23970738-26258777	DEL	3076.53	121	CST7
EPF22-XCGX	chr20-23970738-26258777	DEL	3076.53	121	APMAP
EPF22-XCGX	chr20-23970738-26258777	DEL	3076.53	121	ACSS1
EPF22-XCGX	chr20-23970738-26258777	DEL	3076.53	121	ABHD12
EPC22-WMBU	chr14-104667897-105817560	DUP	2342.87	109	ZBTB42
EPC22-WMBU	chr14-104667897-105817560	DUP	2342.87	109	TMEM121
EPC22-WMBU	chr14-104667897-105817560	DUP	2342.87	109	TEX22
EPC22-WMBU	chr14-104667897-105817560	DUP	2342.87	109	TEDC1
EPC22-WMBU	chr14-104667897-105817560	DUP	2342.87	109	SIVA1
EPC22-WMBU	chr14-104667897-105817560	DUP	2342.87	109	PLD4
EPC22-WMBU	chr14-104667897-105817560	DUP	2342.87	109	PACS2
EPC22-WMBU	chr14-104667897-105817560	DUP	2342.87	109	NUDT14
EPC22-WMBU	chr14-104667897-105817560	DUP	2342.87	109	MTA1
EPC22-WMBU	chr14-104667897-105817560	DUP	2342.87	109	JAG2
EPC22-WMBU	chr14-104667897-105817560	DUP	2342.87	109	INF2
EPC22-WMBU	chr14-104667897-105817560	DUP	2342.87	109	GPR132
EPC22-WMBU	chr14-104667897-105817560	DUP	2342.87	109	CRIP2
EPC22-WMBU	chr14-104667897-105817560	DUP	2342.87	109	CRIP1
EPC22-WMBU	chr14-104667897-105817560	DUP	2342.87	109	CLBA1
EPC22-WMBU	chr14-104667897-105817560	DUP	2342.87	109	CEP170B
EPC22-WMBU	chr14-104667897-105817560	DUP	2342.87	109	CDCA4
EPC22-WMBU	chr14-104667897-105817560	DUP	2342.87	109	BTBD6
EPC22-WMBU	chr14-104667897-105817560	DUP	2342.87	109	BRF1
EPC22-WMBU	chr14-104667897-105817560	DUP	2342.87	109	AKT1
EPC22-WMBU	chr14-104667897-105817560	DUP	2342.87	109	AHNAK2
EPC22-WMBU	chr14-104667897-105817560	DUP	2342.87	109	ADSSL1
EPF22-DVKY	chr11-6075349-7334949	DUP	3076.53	94	ZNF215
EPF22-DVKY	chr11-6075349-7334949	DUP	3076.53	94	ZNF214
EPF22-DVKY	chr11-6075349-7334949	DUP	3076.53	94	TRIM3
EPF22-DVKY	chr11-6075349-7334949	DUP	3076.53	94	TPP1
EPF22-DVKY	chr11-6075349-7334949	DUP	3076.53	94	TIMM10B
EPF22-DVKY	chr11-6075349-7334949	DUP	3076.53	94	TAF10
EPF22-DVKY	chr11-6075349-7334949	DUP	3076.53	94	SYT9
EPF22-DVKY	chr11-6075349-7334949	DUP	3076.53	94	SMPD1
EPF22-DVKY	chr11-6075349-7334949	DUP	3076.53	94	RRP8
EPF22-DVKY	chr11-6075349-7334949	DUP	3076.53	94	RBMXL2
EPF22-DVKY	chr11-6075349-7334949	DUP	3076.53	94	OR6A2
EPF22-DVKY	chr11-6075349-7334949	DUP	3076.53	94	OR56B4
EPF22-DVKY	chr11-6075349-7334949	DUP	3076.53	94	OR52W1
EPF22-DVKY	chr11-6075349-7334949	DUP	3076.53	94	OR52B2
EPF22-DVKY	chr11-6075349-7334949	DUP	3076.53	94	OR2D3
EPF22-DVKY	chr11-6075349-7334949	DUP	3076.53	94	OR2D2
EPF22-DVKY	chr11-6075349-7334949	DUP	3076.53	94	OR2AG2
EPF22-DVKY	chr11-6075349-7334949	DUP	3076.53	94	OR2AG1
EPF22-DVKY	chr11-6075349-7334949	DUP	3076.53	94	OR10A5
EPF22-DVKY	chr11-6075349-7334949	DUP	3076.53	94	OR10A4
EPF22-DVKY	chr11-6075349-7334949	DUP	3076.53	94	OR10A2
EPF22-DVKY	chr11-6075349-7334949	DUP	3076.53	94	NLRP14
EPF22-DVKY	chr11-6075349-7334949	DUP	3076.53	94	MRPL17
EPF22-DVKY	chr11-6075349-7334949	DUP	3076.53	94	ILK
EPF22-DVKY	chr11-6075349-7334949	DUP	3076.53	94	HPX
EPF22-DVKY	chr11-6075349-7334949	DUP	3076.53	94	FAM160A2
EPF22-DVKY	chr11-6075349-7334949	DUP	3076.53	94	DNHD1
EPF22-DVKY	chr11-6075349-7334949	DUP	3076.53	94	DCHS1
EPF22-DVKY	chr11-6075349-7334949	DUP	3076.53	94	CNGA4
EPF22-DVKY	chr11-6075349-7334949	DUP	3076.53	94	CCKBR
EPF22-DVKY	chr11-6075349-7334949	DUP	3076.53	94	CAVIN3
EPF22-DVKY	chr11-6075349-7334949	DUP	3076.53	94	C11orf42
EPF22-DVKY	chr11-6075349-7334949	DUP	3076.53	94	ARFIP2
EPF22-DVKY	chr11-6075349-7334949	DUP	3076.53	94	APBB1
EPF22-RKEG	chr16-21742282-22585451	DUP	2661.21	89	VWA3A
EPF22-RKEG	chr16-21742282-22585451	DUP	2661.21	89	UQCRC2
EPF22-RKEG	chr16-21742282-22585451	DUP	2661.21	89	POLR3E
EPF22-RKEG	chr16-21742282-22585451	DUP	2661.21	89	PDZD9
EPF22-RKEG	chr16-21742282-22585451	DUP	2661.21	89	OTOA
EPF22-RKEG	chr16-21742282-22585451	DUP	2661.21	89	NPIPB5
EPF22-RKEG	chr16-21742282-22585451	DUP	2661.21	89	NPIPB4
EPF22-RKEG	chr16-21742282-22585451	DUP	2661.21	89	MOSMO
EPF22-RKEG	chr16-21742282-22585451	DUP	2661.21	89	EEF2K
EPF22-RKEG	chr16-21742282-22585451	DUP	2661.21	89	CDR2
EPC22-BPQM	chr16-21742282-22585451	DUP	2268.56	89	VWA3A
EPC22-BPQM	chr16-21742282-22585451	DUP	2268.56	89	UQCRC2
EPC22-BPQM	chr16-21742282-22585451	DUP	2268.56	89	POLR3E
EPC22-BPQM	chr16-21742282-22585451	DUP	2268.56	89	PDZD9
EPC22-BPQM	chr16-21742282-22585451	DUP	2268.56	89	OTOA
EPC22-BPQM	chr16-21742282-22585451	DUP	2268.56	89	NPIPB5
EPC22-BPQM	chr16-21742282-22585451	DUP	2268.56	89	NPIPB4
EPC22-BPQM	chr16-21742282-22585451	DUP	2268.56	89	MOSMO
EPC22-BPQM	chr16-21742282-22585451	DUP	2268.56	89	EEF2K
EPC22-BPQM	chr16-21742282-22585451	DUP	2268.56	89	CDR2
EPC22-YZDT	chr8-119874111-120967640	DUP	1526.47	80	SNTB1
EPC22-YZDT	chr8-119874111-120967640	DUP	1526.47	80	MTBP
EPC22-YZDT	chr8-119874111-120967640	DUP	1526.47	80	MRPL13
EPC22-YZDT	chr8-119874111-120967640	DUP	1526.47	80	DEPTOR
EPC22-YZDT	chr8-119874111-120967640	DUP	1526.47	80	COL14A1
EPF22-BBWT	chr16-28739184-29074088	DUP	2510.91	75	TUFM
EPF22-BBWT	chr16-28739184-29074088	DUP	2510.91	75	SPNS1
EPF22-BBWT	chr16-28739184-29074088	DUP	2510.91	75	SH2B1
EPF22-BBWT	chr16-28739184-29074088	DUP	2510.91	75	RABEP2
EPF22-BBWT	chr16-28739184-29074088	DUP	2510.91	75	NPIPB9
EPF22-BBWT	chr16-28739184-29074088	DUP	2510.91	75	NFATC2IP
EPF22-BBWT	chr16-28739184-29074088	DUP	2510.91	75	LAT
EPF22-BBWT	chr16-28739184-29074088	DUP	2510.91	75	CD19
EPF22-BBWT	chr16-28739184-29074088	DUP	2510.91	75	ATXN2L
EPF22-BBWT	chr16-28739184-29074088	DUP	2510.91	75	ATP2A1
EPH22-SXBR	chr1-146455849-148496909	DEL	3076.53	61	PRKAB2
EPH22-SXBR	chr1-146455849-148496909	DEL	3076.53	61	PPIAL4G
EPH22-SXBR	chr1-146455849-148496909	DEL	3076.53	61	NBPF12
EPH22-SXBR	chr1-146455849-148496909	DEL	3076.53	61	NBPF11
EPH22-SXBR	chr1-146455849-148496909	DEL	3076.53	61	GPR89B
EPH22-SXBR	chr1-146455849-148496909	DEL	3076.53	61	GJA8
EPH22-SXBR	chr1-146455849-148496909	DEL	3076.53	61	GJA5
EPH22-SXBR	chr1-146455849-148496909	DEL	3076.53	61	FMO5
EPH22-SXBR	chr1-146455849-148496909	DEL	3076.53	61	CHD1L
EPH22-SXBR	chr1-146455849-148496909	DEL	3076.53	61	BCL9
EPH22-SXBR	chr1-146455849-148496909	DEL	3076.53	61	ACP6
EPC22-AJVR	chr8-47701368-47991188	DUP	1850.23	61	SPIDR
EPC22-AJVR	chr8-47701368-47991188	DUP	1850.23	61	PRKDC
EPC22-AJVR	chr8-47701368-47991188	DUP	1850.23	61	MCM4
EPC22-AJVR	chr8-47701368-47991188	DUP	1850.23	61	CEBPD
EPF22-DVKY	chr8-47701368-47991188	DUP	1802.99	61	SPIDR
EPF22-DVKY	chr8-47701368-47991188	DUP	1802.99	61	PRKDC
EPF22-DVKY	chr8-47701368-47991188	DUP	1802.99	61	MCM4
EPF22-DVKY	chr8-47701368-47991188	DUP	1802.99	61	CEBPD
EPF22-MVHB	chr15-22659514-23166686	DEL	3076.53	60	TUBGCP5
EPF22-MVHB	chr15-22659514-23166686	DEL	3076.53	60	NIPA2
EPF22-MVHB	chr15-22659514-23166686	DEL	3076.53	60	NIPA1
EPF22-MVHB	chr15-22659514-23166686	DEL	3076.53	60	GOLGA6L1
EPF22-MVHB	chr15-22659514-23166686	DEL	3076.53	60	CYFIP1
EPF22-BVMT	chr15-22659514-23166686	DEL	3076.53	60	TUBGCP5
EPF22-BVMT	chr15-22659514-23166686	DEL	3076.53	60	NIPA2
EPF22-BVMT	chr15-22659514-23166686	DEL	3076.53	60	NIPA1
EPF22-BVMT	chr15-22659514-23166686	DEL	3076.53	60	GOLGA6L1
EPF22-BVMT	chr15-22659514-23166686	DEL	3076.53	60	CYFIP1
EPC22-BPQM	chr15-22659514-23166686	DEL	3076.53	60	TUBGCP5
EPC22-BPQM	chr15-22659514-23166686	DEL	3076.53	60	NIPA2
EPC22-BPQM	chr15-22659514-23166686	DEL	3076.53	60	NIPA1
EPC22-BPQM	chr15-22659514-23166686	DEL	3076.53	60	GOLGA6L1
EPC22-BPQM	chr15-22659514-23166686	DEL	3076.53	60	CYFIP1
EPF22-KBJU	chr7-151835010-152362558	DUP	2003.01	55	PRKAG2
EPF22-KBJU	chr7-151835010-152362558	DUP	2003.01	55	KMT2C
EPF22-KBJU	chr7-151835010-152362558	DUP	2003.01	55	GALNTL5
EPF22-KBJU	chr7-151835010-152362558	DUP	2003.01	55	GALNT11
EPD22-BWXX	chr3-178250664-182269540	DEL	2080.17	48	ZNF639
EPD22-BWXX	chr3-178250664-182269540	DEL	2080.17	48	ZMAT3
EPD22-BWXX	chr3-178250664-182269540	DEL	2080.17	48	USP13
EPD22-BWXX	chr3-178250664-182269540	DEL	2080.17	48	TTC14
EPD22-BWXX	chr3-178250664-182269540	DEL	2080.17	48	SOX2
EPD22-BWXX	chr3-178250664-182269540	DEL	2080.17	48	PIK3CA
EPD22-BWXX	chr3-178250664-182269540	DEL	2080.17	48	PEX5L
EPD22-BWXX	chr3-178250664-182269540	DEL	2080.17	48	NDUFB5
EPD22-BWXX	chr3-178250664-182269540	DEL	2080.17	48	MRPL47
EPD22-BWXX	chr3-178250664-182269540	DEL	2080.17	48	MFN1
EPD22-BWXX	chr3-178250664-182269540	DEL	2080.17	48	KCNMB3
EPD22-BWXX	chr3-178250664-182269540	DEL	2080.17	48	KCNMB2
EPD22-BWXX	chr3-178250664-182269540	DEL	2080.17	48	GNB4
EPD22-BWXX	chr3-178250664-182269540	DEL	2080.17	48	FXR1
EPD22-BWXX	chr3-178250664-182269540	DEL	2080.17	48	DNAJC19
EPD22-BWXX	chr3-178250664-182269540	DEL	2080.17	48	CCDC39
EPD22-BWXX	chr3-178250664-182269540	DEL	2080.17	48	ACTL6A
EPF22-NYBJ	chr1-54570129-54899920	DUP	1472	47	TTC4
EPF22-NYBJ	chr1-54570129-54899920	DUP	1472	47	TTC22
EPF22-NYBJ	chr1-54570129-54899920	DUP	1472	47	PARS2
EPF22-NYBJ	chr1-54570129-54899920	DUP	1472	47	MROH7
EPF22-NYBJ	chr1-54570129-54899920	DUP	1472	47	LEXM
EPF22-NYBJ	chr1-54570129-54899920	DUP	1472	47	FAM151A
EPF22-NYBJ	chr1-54570129-54899920	DUP	1472	47	DHCR24
EPF22-NYBJ	chr1-54570129-54899920	DUP	1472	47	ACOT11
EPF22-WPLA	chr17-35741137-36227170	DUP	1355.29	46	TBC1D3B
EPF22-WPLA	chr17-35741137-36227170	DUP	1355.29	46	TAF15
EPF22-WPLA	chr17-35741137-36227170	DUP	1355.29	46	RDM1
EPF22-WPLA	chr17-35741137-36227170	DUP	1355.29	46	RASL10B
EPF22-WPLA	chr17-35741137-36227170	DUP	1355.29	46	MMP28
EPF22-WPLA	chr17-35741137-36227170	DUP	1355.29	46	LYZL6
EPF22-WPLA	chr17-35741137-36227170	DUP	1355.29	46	HEATR9
EPF22-WPLA	chr17-35741137-36227170	DUP	1355.29	46	GAS2L2
EPF22-WPLA	chr17-35741137-36227170	DUP	1355.29	46	CCL5
EPF22-WPLA	chr17-35741137-36227170	DUP	1355.29	46	CCL4L2
EPF22-WPLA	chr17-35741137-36227170	DUP	1355.29	46	CCL4
EPF22-WPLA	chr17-35741137-36227170	DUP	1355.29	46	CCL3L3
EPF22-WPLA	chr17-35741137-36227170	DUP	1355.29	46	CCL3
EPF22-WPLA	chr17-35741137-36227170	DUP	1355.29	46	CCL23
EPF22-WPLA	chr17-35741137-36227170	DUP	1355.29	46	CCL18
EPF22-WPLA	chr17-35741137-36227170	DUP	1355.29	46	CCL16
EPF22-WPLA	chr17-35741137-36227170	DUP	1355.29	46	CCL15
EPF22-WPLA	chr17-35741137-36227170	DUP	1355.29	46	CCL14
EPF22-WPLA	chr17-35741137-36227170	DUP	1355.29	46	C17orf50
EPC22-GOJD	chr9-4747302-5844645	DUP	1203.82	43	RLN2
EPC22-GOJD	chr9-4747302-5844645	DUP	1203.82	43	RLN1
EPC22-GOJD	chr9-4747302-5844645	DUP	1203.82	43	RIC1
EPC22-GOJD	chr9-4747302-5844645	DUP	1203.82	43	RCL1
EPC22-GOJD	chr9-4747302-5844645	DUP	1203.82	43	PLGRKT
EPC22-GOJD	chr9-4747302-5844645	DUP	1203.82	43	PDCD1LG2
EPC22-GOJD	chr9-4747302-5844645	DUP	1203.82	43	JAK2
EPC22-GOJD	chr9-4747302-5844645	DUP	1203.82	43	INSL6
EPC22-GOJD	chr9-4747302-5844645	DUP	1203.82	43	INSL4
EPC22-GOJD	chr9-4747302-5844645	DUP	1203.82	43	ERMP1
EPC22-GOJD	chr9-4747302-5844645	DUP	1203.82	43	CD274
EPC22-HEAY	chr19-42665166-43471319	DUP	1306.16	39	TEX101
EPC22-HEAY	chr19-42665166-43471319	DUP	1306.16	39	PSG9
EPC22-HEAY	chr19-42665166-43471319	DUP	1306.16	39	PSG8
EPC22-HEAY	chr19-42665166-43471319	DUP	1306.16	39	PSG7
EPC22-HEAY	chr19-42665166-43471319	DUP	1306.16	39	PSG6
EPC22-HEAY	chr19-42665166-43471319	DUP	1306.16	39	PSG5
EPC22-HEAY	chr19-42665166-43471319	DUP	1306.16	39	PSG4
EPC22-HEAY	chr19-42665166-43471319	DUP	1306.16	39	PSG3
EPC22-HEAY	chr19-42665166-43471319	DUP	1306.16	39	PSG2
EPC22-HEAY	chr19-42665166-43471319	DUP	1306.16	39	PSG11
EPC22-HEAY	chr19-42665166-43471319	DUP	1306.16	39	PSG1
EPC22-HEAY	chr19-42665166-43471319	DUP	1306.16	39	LYPD3
EPC22-HEAY	chr19-42665166-43471319	DUP	1306.16	39	CD177
EPH22-MKMC	chr19-42702244-43360083	DEL	3076.53	36	PSG9
EPH22-MKMC	chr19-42702244-43360083	DEL	3076.53	36	PSG8
EPH22-MKMC	chr19-42702244-43360083	DEL	3076.53	36	PSG7
EPH22-MKMC	chr19-42702244-43360083	DEL	3076.53	36	PSG6
EPH22-MKMC	chr19-42702244-43360083	DEL	3076.53	36	PSG5
EPH22-MKMC	chr19-42702244-43360083	DEL	3076.53	36	PSG4
EPH22-MKMC	chr19-42702244-43360083	DEL	3076.53	36	PSG3
EPH22-MKMC	chr19-42702244-43360083	DEL	3076.53	36	PSG2
EPH22-MKMC	chr19-42702244-43360083	DEL	3076.53	36	PSG11
EPH22-MKMC	chr19-42702244-43360083	DEL	3076.53	36	PSG1
EPH22-MKMC	chr19-42702244-43360083	DEL	3076.53	36	CD177
EPG22-XSLE	chr19-42702244-43360083	DUP	1224.93	36	PSG9
EPG22-XSLE	chr19-42702244-43360083	DUP	1224.93	36	PSG8
EPG22-XSLE	chr19-42702244-43360083	DUP	1224.93	36	PSG7
EPG22-XSLE	chr19-42702244-43360083	DUP	1224.93	36	PSG6
EPG22-XSLE	chr19-42702244-43360083	DUP	1224.93	36	PSG5
EPG22-XSLE	chr19-42702244-43360083	DUP	1224.93	36	PSG4
EPG22-XSLE	chr19-42702244-43360083	DUP	1224.93	36	PSG3
EPG22-XSLE	chr19-42702244-43360083	DUP	1224.93	36	PSG2
EPG22-XSLE	chr19-42702244-43360083	DUP	1224.93	36	PSG11
EPG22-XSLE	chr19-42702244-43360083	DUP	1224.93	36	PSG1
EPG22-XSLE	chr19-42702244-43360083	DUP	1224.93	36	CD177
EPG22-RIIU	chr19-42702244-43360083	DUP	1202.76	36	PSG9
EPG22-RIIU	chr19-42702244-43360083	DUP	1202.76	36	PSG8
EPG22-RIIU	chr19-42702244-43360083	DUP	1202.76	36	PSG7
EPG22-RIIU	chr19-42702244-43360083	DUP	1202.76	36	PSG6
EPG22-RIIU	chr19-42702244-43360083	DUP	1202.76	36	PSG5
EPG22-RIIU	chr19-42702244-43360083	DUP	1202.76	36	PSG4
EPG22-RIIU	chr19-42702244-43360083	DUP	1202.76	36	PSG3
EPG22-RIIU	chr19-42702244-43360083	DUP	1202.76	36	PSG2
EPG22-RIIU	chr19-42702244-43360083	DUP	1202.76	36	PSG11
EPG22-RIIU	chr19-42702244-43360083	DUP	1202.76	36	PSG1
EPG22-RIIU	chr19-42702244-43360083	DUP	1202.76	36	CD177
EPF22-NYBJ	chr19-42702244-43360083	DUP	1041.41	36	PSG9
EPF22-NYBJ	chr19-42702244-43360083	DUP	1041.41	36	PSG8
EPF22-NYBJ	chr19-42702244-43360083	DUP	1041.41	36	PSG7
EPF22-NYBJ	chr19-42702244-43360083	DUP	1041.41	36	PSG6
EPF22-NYBJ	chr19-42702244-43360083	DUP	1041.41	36	PSG5
EPF22-NYBJ	chr19-42702244-43360083	DUP	1041.41	36	PSG4
EPF22-NYBJ	chr19-42702244-43360083	DUP	1041.41	36	PSG3
EPF22-NYBJ	chr19-42702244-43360083	DUP	1041.41	36	PSG2
EPF22-NYBJ	chr19-42702244-43360083	DUP	1041.41	36	PSG11
EPF22-NYBJ	chr19-42702244-43360083	DUP	1041.41	36	PSG1
EPF22-NYBJ	chr19-42702244-43360083	DUP	1041.41	36	CD177
EPF22-ZCVG	chr19-42588056-43247873	DUP	895.94	34	PSG8
EPF22-ZCVG	chr19-42588056-43247873	DUP	895.94	34	PSG7
EPF22-ZCVG	chr19-42588056-43247873	DUP	895.94	34	PSG6
EPF22-ZCVG	chr19-42588056-43247873	DUP	895.94	34	PSG5
EPF22-ZCVG	chr19-42588056-43247873	DUP	895.94	34	PSG4
EPF22-ZCVG	chr19-42588056-43247873	DUP	895.94	34	PSG3
EPF22-ZCVG	chr19-42588056-43247873	DUP	895.94	34	PSG2
EPF22-ZCVG	chr19-42588056-43247873	DUP	895.94	34	PSG11
EPF22-ZCVG	chr19-42588056-43247873	DUP	895.94	34	PSG1
EPF22-ZCVG	chr19-42588056-43247873	DUP	895.94	34	CEACAM8
EPH22-JOMP	chr19-2173417-2305266	DEL	3076.53	33	SF3A2
EPH22-JOMP	chr19-2173417-2305266	DEL	3076.53	33	PLEKHJ1
EPH22-JOMP	chr19-2173417-2305266	DEL	3076.53	33	PEAK3
EPH22-JOMP	chr19-2173417-2305266	DEL	3076.53	33	OAZ1
EPH22-JOMP	chr19-2173417-2305266	DEL	3076.53	33	LINGO3
EPH22-JOMP	chr19-2173417-2305266	DEL	3076.53	33	JSRP1
EPH22-JOMP	chr19-2173417-2305266	DEL	3076.53	33	DOT1L
EPH22-JOMP	chr19-2173417-2305266	DEL	3076.53	33	AMH
EPF22-KPXD	chr17-10271675-10464186	DUP	1631.46	33	MYH8
EPF22-KPXD	chr17-10271675-10464186	DUP	1631.46	33	MYH4
EPF22-KPXD	chr17-10271675-10464186	DUP	1631.46	33	MYH13
EPF22-KPXD	chr6-34524402-35011798	DUP	1096.65	33	UHRF1BP1
EPF22-KPXD	chr6-34524402-35011798	DUP	1096.65	33	TAF11
EPF22-KPXD	chr6-34524402-35011798	DUP	1096.65	33	SPDEF
EPF22-KPXD	chr6-34524402-35011798	DUP	1096.65	33	SNRPC
EPF22-KPXD	chr6-34524402-35011798	DUP	1096.65	33	PACSIN1
EPF22-KPXD	chr6-34524402-35011798	DUP	1096.65	33	C6orf106
EPF22-KPXD	chr6-34524402-35011798	DUP	1096.65	33	ANKS1A
EPF22-PIMC	chr6-167874447-168147776	DUP	1240.30	32	KIF25
EPF22-PIMC	chr6-167874447-168147776	DUP	1240.30	32	HGC6.3
EPF22-PIMC	chr6-167874447-168147776	DUP	1240.30	32	FRMD1
EPF22-PIMC	chr6-167874447-168147776	DUP	1240.30	32	AFDN
EPF22-NVGF	chr6-167874447-168147776	DUP	810.67	32	KIF25
EPF22-NVGF	chr6-167874447-168147776	DUP	810.67	32	HGC6.3
EPF22-NVGF	chr6-167874447-168147776	DUP	810.67	32	FRMD1
EPF22-NVGF	chr6-167874447-168147776	DUP	810.67	32	AFDN
EPF22-KPXD	chr2-97015309-97287692	DEL	2956.98	31	FAHD2B
EPF22-KPXD	chr2-97015309-97287692	DEL	2956.98	31	ANKRD36
EPF22-NXBA	chr12-80190057-80386453	DEL	2711.84	31	OTOGL
EPC22-WXRM	chr2-97015309-97287692	DEL	1875.22	31	FAHD2B
EPC22-WXRM	chr2-97015309-97287692	DEL	1875.22	31	ANKRD36
EPC22-ZMBQ	chr2-151631969-151767352	DUP	803.39	31	NEB
EPC22-QQXS	chr16-21514914-21842882	DEL	2253.57	30	OTOA
EPC22-QQXS	chr16-21514914-21842882	DEL	2253.57	30	NPIPB4
EPC22-QQXS	chr16-21514914-21842882	DEL	2253.57	30	METTL9
EPC22-QQXS	chr16-21514914-21842882	DEL	2253.57	30	IGSF6
EPH22-MBBO	chr15-98173167-99237622	DUP	1027.97	29	TTC23
EPH22-MBBO	chr15-98173167-99237622	DUP	1027.97	29	SYNM
EPH22-MBBO	chr15-98173167-99237622	DUP	1027.97	29	PGPEP1L
EPH22-MBBO	chr15-98173167-99237622	DUP	1027.97	29	IGF1R
EPH22-MBBO	chr15-98173167-99237622	DUP	1027.97	29	FAM169B
EPF22-JCSU	chr12-21022449-21497552	DUP	724.99	29	SLCO1B7
EPF22-JCSU	chr12-21022449-21497552	DUP	724.99	29	SLCO1B1
EPF22-JCSU	chr12-21022449-21497552	DUP	724.99	29	SLCO1A2
EPF22-JCSU	chr12-21022449-21497552	DUP	724.99	29	RECQL
EPF22-JCSU	chr12-21022449-21497552	DUP	724.99	29	PYROXD1
EPF22-JCSU	chr12-21022449-21497552	DUP	724.99	29	IAPP
EPF22-HROD	chr1-54551044-54715653	DUP	532.08	29	MROH7
EPF22-HROD	chr1-54551044-54715653	DUP	532.08	29	FAM151A
EPF22-HROD	chr1-54551044-54715653	DUP	532.08	29	ACOT11
EPF22-BHVU	chr3-141969219-142497882	DUP	531	29	XRN1
EPF22-BHVU	chr3-141969219-142497882	DUP	531	29	TFDP2
EPF22-BHVU	chr3-141969219-142497882	DUP	531	29	GK5
EPF22-BHVU	chr3-141969219-142497882	DUP	531	29	ATR
EPH22-BSYX	chr2-97020929-97270832	DEL	3022.66	28	FAHD2B
EPH22-BSYX	chr2-97020929-97270832	DEL	3022.66	28	ANKRD36
EPD22-ETXX	chr2-97020929-97270832	DEL	1768.18	28	FAHD2B
EPD22-ETXX	chr2-97020929-97270832	DEL	1768.18	28	ANKRD36
EPH22-MKMC	chr9-19269329-19456280	DUP	838.55	26	RPS6
EPH22-MKMC	chr9-19269329-19456280	DUP	838.55	26	DENND4C
EPH22-MKMC	chr9-19269329-19456280	DUP	838.55	26	ACER2
EPF22-SILP	chr12-56144366-56237741	DUP	574.10	25	SMARCC2
EPF22-SILP	chr12-56144366-56237741	DUP	574.10	25	SLC39A5
EPF22-SILP	chr12-56144366-56237741	DUP	574.10	25	RNF41
EPF22-SILP	chr12-56144366-56237741	DUP	574.10	25	NABP2
EPF22-SILP	chr12-56144366-56237741	DUP	574.10	25	MYL6B
EPF22-SILP	chr12-56144366-56237741	DUP	574.10	25	MYL6
EPF22-ECOJ	chr10-98350219-98537322	DUP	519.23	25	PYROXD2
EPF22-ECOJ	chr10-98350219-98537322	DUP	519.23	25	HPSE2
EPF22-ECOJ	chr10-98350219-98537322	DUP	519.23	25	HPS1
EPF22-ATWR	chr19-42786695-43106731	DEL	3076.53	23	PSG7
EPF22-ATWR	chr19-42786695-43106731	DEL	3076.53	23	PSG6
EPF22-ATWR	chr19-42786695-43106731	DEL	3076.53	23	PSG2
EPF22-ATWR	chr19-42786695-43106731	DEL	3076.53	23	PSG11
EPF22-ATWR	chr19-42786695-43106731	DEL	3076.53	23	PSG1
EPF22-WRQS	chr19-42786695-43106731	DEL	2725.52	23	PSG7
EPF22-WRQS	chr19-42786695-43106731	DEL	2725.52	23	PSG6
EPF22-WRQS	chr19-42786695-43106731	DEL	2725.52	23	PSG2
EPF22-WRQS	chr19-42786695-43106731	DEL	2725.52	23	PSG11
EPF22-WRQS	chr19-42786695-43106731	DEL	2725.52	23	PSG1
EPF22-ZJEH	chr19-42786695-43106731	DEL	2036.58	23	PSG7
EPF22-ZJEH	chr19-42786695-43106731	DEL	2036.58	23	PSG6
EPF22-ZJEH	chr19-42786695-43106731	DEL	2036.58	23	PSG2
EPF22-ZJEH	chr19-42786695-43106731	DEL	2036.58	23	PSG11
EPF22-ZJEH	chr19-42786695-43106731	DEL	2036.58	23	PSG1
EPD22-HYAA	chr19-42786695-43106731	DEL	989.17	23	PSG7
EPD22-HYAA	chr19-42786695-43106731	DEL	989.17	23	PSG6
EPD22-HYAA	chr19-42786695-43106731	DEL	989.17	23	PSG2
EPD22-HYAA	chr19-42786695-43106731	DEL	989.17	23	PSG11
EPD22-HYAA	chr19-42786695-43106731	DEL	989.17	23	PSG1
EPG22-CWOY	chr21-46101228-46143460	DUP	519.10	23	FTCD
EPG22-CWOY	chr21-46101228-46143460	DUP	519.10	23	COL6A2
EPH22-TJLC	chr17-80184167-80303616	DUP	471.11	23	SLC26A11
EPH22-TJLC	chr17-80184167-80303616	DUP	471.11	23	SGSH
EPH22-TJLC	chr17-80184167-80303616	DUP	471.11	23	RNF213
EPH22-TJLC	chr17-80184167-80303616	DUP	471.11	23	CARD14
EPF22-HKPL	chr2-110066446-110262013	DEL	2062.75	22	SMIM37
EPF22-HKPL	chr2-110066446-110262013	DEL	2062.75	22	NPHP1
EPF22-HKPL	chr2-110066446-110262013	DEL	2062.75	22	MALL
EPF22-WRDD	chr1-1419090-1544067	DEL	1951.77	22	VWA1
EPF22-WRDD	chr1-1419090-1544067	DEL	1951.77	22	TMEM88B
EPF22-WRDD	chr1-1419090-1544067	DEL	1951.77	22	TMEM240
EPF22-WRDD	chr1-1419090-1544067	DEL	1951.77	22	SSU72
EPF22-WRDD	chr1-1419090-1544067	DEL	1951.77	22	ATAD3C
EPF22-WRDD	chr1-1419090-1544067	DEL	1951.77	22	ATAD3B
EPF22-WRDD	chr1-1419090-1544067	DEL	1951.77	22	ATAD3A
EPF22-WRDD	chr1-1419090-1544067	DEL	1951.77	22	ANKRD65
EPF22-ATWR	chr18-9006335-9709327	DUP	635.40	22	TWSG1
EPF22-ATWR	chr18-9006335-9709327	DUP	635.40	22	RALBP1
EPF22-ATWR	chr18-9006335-9709327	DUP	635.40	22	RAB31
EPF22-ATWR	chr18-9006335-9709327	DUP	635.40	22	PPP4R1
EPF22-ATWR	chr18-9006335-9709327	DUP	635.40	22	NDUFV2
EPF22-ATWR	chr18-9006335-9709327	DUP	635.40	22	ANKRD12
EPF22-UYDT	chr3-12505767-12831664	DUP	516.09	22	TSEN2
EPF22-UYDT	chr3-12505767-12831664	DUP	516.09	22	TMEM40
EPF22-UYDT	chr3-12505767-12831664	DUP	516.09	22	RAF1
EPF22-UYDT	chr3-12505767-12831664	DUP	516.09	22	MKRN2OS
EPF22-UYDT	chr3-12505767-12831664	DUP	516.09	22	MKRN2
EPF22-UYDT	chr3-12505767-12831664	DUP	516.09	22	CAND2
EPH22-FWTP	chr1-1427418-1519083	DEL	2502.39	21	VWA1
EPH22-FWTP	chr1-1427418-1519083	DEL	2502.39	21	TMEM88B
EPH22-FWTP	chr1-1427418-1519083	DEL	2502.39	21	ATAD3C
EPH22-FWTP	chr1-1427418-1519083	DEL	2502.39	21	ATAD3B
EPH22-FWTP	chr1-1427418-1519083	DEL	2502.39	21	ATAD3A
EPC22-HEAY	chr1-1427418-1519083	DEL	2359.73	21	VWA1
EPC22-HEAY	chr1-1427418-1519083	DEL	2359.73	21	TMEM88B
EPC22-HEAY	chr1-1427418-1519083	DEL	2359.73	21	ATAD3C
EPC22-HEAY	chr1-1427418-1519083	DEL	2359.73	21	ATAD3B
EPC22-HEAY	chr1-1427418-1519083	DEL	2359.73	21	ATAD3A
EPH22-SXBR	chr1-1427418-1519083	DEL	2084.12	21	VWA1
EPH22-SXBR	chr1-1427418-1519083	DEL	2084.12	21	TMEM88B
EPH22-SXBR	chr1-1427418-1519083	DEL	2084.12	21	ATAD3C
EPH22-SXBR	chr1-1427418-1519083	DEL	2084.12	21	ATAD3B
EPH22-SXBR	chr1-1427418-1519083	DEL	2084.12	21	ATAD3A
EPD22-ZDBS	chr1-1427418-1519083	DUP	450.29	21	VWA1
EPD22-ZDBS	chr1-1427418-1519083	DUP	450.29	21	TMEM88B
EPD22-ZDBS	chr1-1427418-1519083	DUP	450.29	21	ATAD3C
EPD22-ZDBS	chr1-1427418-1519083	DUP	450.29	21	ATAD3B
EPD22-ZDBS	chr1-1427418-1519083	DUP	450.29	21	ATAD3A
EPF22-NXBA	chr3-12510577-12830061	DUP	438.57	21	TSEN2
EPF22-NXBA	chr3-12510577-12830061	DUP	438.57	21	TMEM40
EPF22-NXBA	chr3-12510577-12830061	DUP	438.57	21	RAF1
EPF22-NXBA	chr3-12510577-12830061	DUP	438.57	21	MKRN2OS
EPF22-NXBA	chr3-12510577-12830061	DUP	438.57	21	MKRN2
EPF22-NXBA	chr3-12510577-12830061	DUP	438.57	21	CAND2
EPD22-HYAA	chr3-12510577-12830061	DUP	241.44	21	TSEN2
EPD22-HYAA	chr3-12510577-12830061	DUP	241.44	21	TMEM40
EPD22-HYAA	chr3-12510577-12830061	DUP	241.44	21	RAF1
EPD22-HYAA	chr3-12510577-12830061	DUP	241.44	21	MKRN2OS
EPD22-HYAA	chr3-12510577-12830061	DUP	241.44	21	MKRN2
EPD22-HYAA	chr3-12510577-12830061	DUP	241.44	21	CAND2
EPH22-SRZC	chr1-247457320-248315112	DUP	1307.83	20	TRIM58
EPH22-SRZC	chr1-247457320-248315112	DUP	1307.83	20	OR6F1
EPH22-SRZC	chr1-247457320-248315112	DUP	1307.83	20	OR2W5
EPH22-SRZC	chr1-247457320-248315112	DUP	1307.83	20	OR2W3
EPH22-SRZC	chr1-247457320-248315112	DUP	1307.83	20	OR2T8
EPH22-SRZC	chr1-247457320-248315112	DUP	1307.83	20	OR2T33
EPH22-SRZC	chr1-247457320-248315112	DUP	1307.83	20	OR2T12
EPH22-SRZC	chr1-247457320-248315112	DUP	1307.83	20	OR2M5
EPH22-SRZC	chr1-247457320-248315112	DUP	1307.83	20	OR2M4
EPH22-SRZC	chr1-247457320-248315112	DUP	1307.83	20	OR2M3
EPH22-SRZC	chr1-247457320-248315112	DUP	1307.83	20	OR2M2
EPH22-SRZC	chr1-247457320-248315112	DUP	1307.83	20	OR2L8
EPH22-SRZC	chr1-247457320-248315112	DUP	1307.83	20	OR2L5
EPH22-SRZC	chr1-247457320-248315112	DUP	1307.83	20	OR2L3
EPH22-SRZC	chr1-247457320-248315112	DUP	1307.83	20	OR2L2
EPH22-SRZC	chr1-247457320-248315112	DUP	1307.83	20	OR2L13
EPH22-SRZC	chr1-247457320-248315112	DUP	1307.83	20	OR2G3
EPH22-SRZC	chr1-247457320-248315112	DUP	1307.83	20	OR2G2
EPH22-SRZC	chr1-247457320-248315112	DUP	1307.83	20	OR2C3
EPH22-SRZC	chr1-247457320-248315112	DUP	1307.83	20	OR2AK2
EPH22-SRZC	chr1-247457320-248315112	DUP	1307.83	20	OR2AJ1
EPH22-SRZC	chr1-247457320-248315112	DUP	1307.83	20	OR1C1
EPH22-SRZC	chr1-247457320-248315112	DUP	1307.83	20	OR14K1
EPH22-SRZC	chr1-247457320-248315112	DUP	1307.83	20	OR14A2
EPH22-SRZC	chr1-247457320-248315112	DUP	1307.83	20	OR14A16
EPH22-SRZC	chr1-247457320-248315112	DUP	1307.83	20	OR13G1
EPH22-SRZC	chr1-247457320-248315112	DUP	1307.83	20	OR11L1
EPH22-SRZC	chr1-247457320-248315112	DUP	1307.83	20	GCSAML
EPF22-OUMH	chr10-133507630-133585295	DUP	734.34	20	SYCE1
EPF22-OUMH	chr10-133507630-133585295	DUP	734.34	20	CYP2E1
EPF22-GGRH	chr10-133507630-133585295	DUP	725.06	20	SYCE1
EPF22-GGRH	chr10-133507630-133585295	DUP	725.06	20	CYP2E1
EPC22-BPQM	chr10-133507630-133585295	DUP	568.19	20	SYCE1
EPC22-BPQM	chr10-133507630-133585295	DUP	568.19	20	CYP2E1
EPG22-VQPM	chr10-133507630-133585295	DUP	300.16	20	SYCE1
EPG22-VQPM	chr10-133507630-133585295	DUP	300.16	20	CYP2E1
EPD22-EYHE	chr21-10504610-10639666	DEL	749	19	TPTE
EPC22-YXFR	chr21-10504610-10639666	DUP	188.50	19	TPTE
EPF22-PKSA	chr21-10504610-10639666	DUP	121.02	19	TPTE
EPH22-TSOY	chr19-54541679-54669078	DEL	3076.53	18	LILRB4
EPH22-TSOY	chr19-54541679-54669078	DEL	3076.53	18	LILRB1
EPH22-TSOY	chr19-54541679-54669078	DEL	3076.53	18	LILRA2
EPH22-TSOY	chr19-54541679-54669078	DEL	3076.53	18	LILRA1
EPF22-ONQM	chr19-42831343-42972787	DUP	786.36	18	PSG7
EPF22-ONQM	chr19-42831343-42972787	DUP	786.36	18	PSG6
EPF22-ONQM	chr19-42831343-42972787	DUP	786.36	18	PSG1
EPC22-LEAA	chr9-128142649-128224425	DUP	514.31	18	LCN2
EPC22-LEAA	chr9-128142649-128224425	DUP	514.31	18	DNM1
EPC22-LEAA	chr9-128142649-128224425	DUP	514.31	18	CIZ1
EPC22-LEAA	chr9-128142649-128224425	DUP	514.31	18	C9orf16
EPF22-UJMJ	chr7-158853256-158977087	DUP	449.21	18	WDR60
EPH22-SDEI	chr1-93182176-93311044	DEL	1787.66	17	CCDC18
EPH22-LSHG	chr1-16036014-16068530	DUP	620.17	17	FAM131C
EPH22-LSHG	chr1-16036014-16068530	DUP	620.17	17	CLCNKB
EPF22-XAWN	chr1-16036014-16068530	DUP	433.14	17	FAM131C
EPF22-XAWN	chr1-16036014-16068530	DUP	433.14	17	CLCNKB
EPD22-RQWU	chr1-16036014-16068530	DUP	322.45	17	FAM131C
EPD22-RQWU	chr1-16036014-16068530	DUP	322.45	17	CLCNKB
EPD22-EYHE	chr2-130321368-130390976	DUP	313	17	PTPN18
EPD22-EYHE	chr2-130321368-130390976	DUP	313	17	IMP4
EPD22-EYHE	chr2-130321368-130390976	DUP	313	17	CCDC115
EPH22-OBWT	chr1-16036014-16068530	DUP	308.34	17	FAM131C
EPH22-OBWT	chr1-16036014-16068530	DUP	308.34	17	CLCNKB
EPF22-JWLJ	chr12-63505872-63723033	DEL	1608.27	16	DPY19L2
EPF22-QCLR	chr2-95863365-95960204	DEL	1430.11	16	ANKRD36C
EPG22-BZKO	chr7-906939-1155295	DUP	842.93	16	ZFAND2A
EPG22-BZKO	chr7-906939-1155295	DUP	842.93	16	GPR146
EPG22-BZKO	chr7-906939-1155295	DUP	842.93	16	GPER1
EPG22-BZKO	chr7-906939-1155295	DUP	842.93	16	CYP2W1
EPG22-BZKO	chr7-906939-1155295	DUP	842.93	16	COX19
EPG22-BZKO	chr7-906939-1155295	DUP	842.93	16	C7orf50
EPG22-BZKO	chr7-906939-1155295	DUP	842.93	16	ADAP1
EPF22-QCLR	chr2-97163036-97228443	DEL	628.97	16	ANKRD36
EPF22-QCLR	chr5-53043170-53091242	DEL	613.95	16	ITGA2
EPF22-WRDD	chr14-56545424-56681988	DUP	430.62	16	TMEM260
EPC22-AJVR	chr9-91990085-92157598	DUP	415.67	16	SPTLC1
EPF22-GGRH	chr12-63505872-63723033	DUP	404.23	16	DPY19L2
EPF22-XAWN	chr14-56545424-56681988	DUP	402.55	16	TMEM260
EPF22-DVKY	chr12-63505872-63723033	DUP	390.50	16	DPY19L2
EPG22-FLPU	chr12-63505872-63723033	DUP	315.18	16	DPY19L2
EPH22-FWTP	chr15-43572173-43674854	DEL	1665.19	15	STRC
EPH22-FWTP	chr15-43572173-43674854	DEL	1665.19	15	PPIP5K1
EPH22-FWTP	chr15-43572173-43674854	DEL	1665.19	15	CKMT1B
EPH22-FWTP	chr15-43572173-43674854	DEL	1665.19	15	CATSPER2
EPH22-TJLC	chr15-43572173-43674854	DEL	1446.63	15	STRC
EPH22-TJLC	chr15-43572173-43674854	DEL	1446.63	15	PPIP5K1
EPH22-TJLC	chr15-43572173-43674854	DEL	1446.63	15	CKMT1B
EPH22-TJLC	chr15-43572173-43674854	DEL	1446.63	15	CATSPER2
EPC22-LEAA	chr15-43572173-43674854	DEL	1200.54	15	STRC
EPC22-LEAA	chr15-43572173-43674854	DEL	1200.54	15	PPIP5K1
EPC22-LEAA	chr15-43572173-43674854	DEL	1200.54	15	CKMT1B
EPC22-LEAA	chr15-43572173-43674854	DEL	1200.54	15	CATSPER2
EPF22-QCLR	chr2-210573116-210631483	DEL	700.97	15	CPS1
EPF22-ZNSK	chr2-11756183-11848127	DUP	497.67	15	LPIN1
EPF22-ATWR	chr15-43572173-43674854	DUP	478.06	15	STRC
EPF22-ATWR	chr15-43572173-43674854	DUP	478.06	15	PPIP5K1
EPF22-ATWR	chr15-43572173-43674854	DUP	478.06	15	CKMT1B
EPF22-ATWR	chr15-43572173-43674854	DUP	478.06	15	CATSPER2
EPH22-FTMI	chr15-43572173-43674854	DUP	443.69	15	STRC
EPH22-FTMI	chr15-43572173-43674854	DUP	443.69	15	PPIP5K1
EPH22-FTMI	chr15-43572173-43674854	DUP	443.69	15	CKMT1B
EPH22-FTMI	chr15-43572173-43674854	DUP	443.69	15	CATSPER2
EPF22-SILP	chr1-225169012-225308296	DUP	391.05	15	DNAH14
EPC22-MWXW	chr1-16036681-16066529	DUP	352.68	15	FAM131C
EPC22-MWXW	chr1-16036681-16066529	DUP	352.68	15	CLCNKB
EPC22-XBQB	chr15-43572173-43623513	DUP	300.38	15	STRC
EPC22-XBQB	chr15-43572173-43623513	DUP	300.38	15	PPIP5K1
EPC22-XBQB	chr15-43572173-43623513	DUP	300.38	15	CKMT1B
EPF22-QCLR	chr15-43572173-43674854	DUP	237.31	15	STRC
EPF22-QCLR	chr15-43572173-43674854	DUP	237.31	15	PPIP5K1
EPF22-QCLR	chr15-43572173-43674854	DUP	237.31	15	CKMT1B
EPF22-QCLR	chr15-43572173-43674854	DUP	237.31	15	CATSPER2
EPF22-PBFT	chr1-16036681-16066529	DUP	127.98	15	FAM131C
EPF22-PBFT	chr1-16036681-16066529	DUP	127.98	15	CLCNKB
EPC22-BPQM	chr1-16037581-16063828	DEL	1803.50	14	FAM131C
EPC22-BPQM	chr1-16037581-16063828	DEL	1803.50	14	CLCNKB
EPF22-BHQP	chr22-21949054-21985061	DUP	495.21	14	TOP3B
EPC22-AJVR	chr2-119399882-119526570	DUP	395.66	14	TMEM37
EPC22-AJVR	chr2-119399882-119526570	DUP	395.66	14	SCTR
EPC22-VEJE	chr2-119399882-119526570	DUP	350.98	14	TMEM37
EPC22-VEJE	chr2-119399882-119526570	DUP	350.98	14	SCTR
EPF22-TLAF	chr13-97886140-98364699	DUP	253.93	14	RNF113B
EPF22-TLAF	chr13-97886140-98364699	DUP	253.93	14	IPO5
EPF22-TLAF	chr13-97886140-98364699	DUP	253.93	14	FARP1
EPC22-WXRM	chr1-145537692-145850461	DUP	161.49	14	RNF115
EPC22-WXRM	chr1-145537692-145850461	DUP	161.49	14	POLR3C
EPC22-WXRM	chr1-145537692-145850461	DUP	161.49	14	PIAS3
EPC22-WXRM	chr1-145537692-145850461	DUP	161.49	14	PDZK1
EPC22-WXRM	chr1-145537692-145850461	DUP	161.49	14	NUDT17
EPC22-WXRM	chr1-145537692-145850461	DUP	161.49	14	GPR89A
EPC22-WXRM	chr1-145537692-145850461	DUP	161.49	14	CD160
EPF22-QCLR	chr6-127980819-128019218	DEL	338.81	13	PTPRK
EPF22-SBRE	chr11-95808104-95915447	DUP	272.01	13	MTMR2
EPF22-SBRE	chr11-95808104-95915447	DUP	272.01	13	CEP57
EPF22-QCLR	chr15-47753106-47778478	DEL	199.06	13	SEMA6D
EPF22-QCLR	chr13-31129063-31159768	DEL	188.01	13	HSPH1
EPD22-BWXX	chr1-86529808-86597657	DUP	161.07	13	CLCA4
EPF22-PBFT	chr20-59872958-59933489	DEL	54.64	13	SYCP2
EPF22-OBFT	chr7-16645533-17576041	DUP	417.67	12	TSPAN13
EPF22-OBFT	chr7-16645533-17576041	DUP	417.67	12	BZW2
EPF22-OBFT	chr7-16645533-17576041	DUP	417.67	12	ANKMY2
EPF22-OBFT	chr7-16645533-17576041	DUP	417.67	12	AHR
EPF22-OBFT	chr7-16645533-17576041	DUP	417.67	12	AGR3
EPF22-OBFT	chr7-16645533-17576041	DUP	417.67	12	AGR2
EPH22-MBBO	chr15-99639563-99765203	DUP	410.21	12	MEF2A
EPH22-MBBO	chr15-99639563-99765203	DUP	410.21	12	LYSMD4
EPF22-SBRE	chr4-98180952-98502008	DUP	301.58	12	TSPAN5
EPF22-SBRE	chr4-98180952-98502008	DUP	301.58	12	RAP1GDS1
EPF22-FIHW	chr5-66006892-66063211	DUP	280.42	12	ERBIN
EPG22-HFMC	chr21-10548029-10625193	DEL	269.41	12	TPTE
EPC22-VEJE	chr8-131368-568079	DUP	249.20	12	ZNF596
EPC22-VEJE	chr8-131368-568079	DUP	249.20	12	TDRP
EPC22-VEJE	chr8-131368-568079	DUP	249.20	12	OR4F21
EPC22-VEJE	chr8-131368-568079	DUP	249.20	12	FBXO25
EPC22-RLQJ	chr21-10548029-10625193	DUP	95.74	12	TPTE
EPH22-OBWT	chr1-185111841-185177753	DUP	90.33	12	TRMT1L
EPH22-OBWT	chr1-185111841-185177753	DUP	90.33	12	SWT1
EPF22-EDAS	chr21-10548029-10625193	DUP	82.16	12	TPTE
EPF22-ZJEH	chr21-10548029-10625193	DUP	65.90	12	TPTE
EPF22-SBRE	chr16-16983317-17483428	DEL	1517.76	11	XYLT1
EPH22-AVHV	chr12-7836077-7969820	DEL	1309.67	11	SLC2A3
EPH22-AVHV	chr12-7836077-7969820	DEL	1309.67	11	SLC2A14
EPF22-WRDD	chr9-136734346-136753662	DEL	1045.88	11	LCN6
EPF22-WRDD	chr9-136734346-136753662	DEL	1045.88	11	LCN10
EPF22-WPHN	chr1-1464463-1533763	DEL	964.46	11	ATAD3C
EPF22-WPHN	chr1-1464463-1533763	DEL	964.46	11	ATAD3B
EPF22-WPHN	chr1-1464463-1533763	DEL	964.46	11	ATAD3A
EPF22-NYBJ	chr12-7836077-7969820	DEL	811.28	11	SLC2A3
EPF22-NYBJ	chr12-7836077-7969820	DEL	811.28	11	SLC2A14
EPD22-KKBX	chr12-7836077-7969820	DUP	342.54	11	SLC2A3
EPD22-KKBX	chr12-7836077-7969820	DUP	342.54	11	SLC2A14
EPF22-MVHB	chr12-7836077-7969820	DUP	326.68	11	SLC2A3
EPF22-MVHB	chr12-7836077-7969820	DUP	326.68	11	SLC2A14
EPF22-GGRH	chr12-7836077-7969820	DUP	300.85	11	SLC2A3
EPF22-GGRH	chr12-7836077-7969820	DUP	300.85	11	SLC2A14
EPF22-HGNG	chr4-15580241-15680769	DUP	300.48	11	FBXL5
EPF22-HGNG	chr4-15580241-15680769	DUP	300.48	11	CC2D2A
EPH22-FWTP	chr12-7836077-7969820	DUP	296.68	11	SLC2A3
EPH22-FWTP	chr12-7836077-7969820	DUP	296.68	11	SLC2A14
EPF22-WPHN	chr17-82893598-83162034	DUP	274.39	11	TBCD
EPF22-WPHN	chr17-82893598-83162034	DUP	274.39	11	METRNL
EPF22-WPHN	chr17-82893598-83162034	DUP	274.39	11	B3GNTL1
EPD22-KKBX	chr7-47919954-48012322	DUP	230.34	11	SUN3
EPD22-KKBX	chr7-47919954-48012322	DUP	230.34	11	PKD1L1
EPD22-KKBX	chr7-47919954-48012322	DUP	230.34	11	HUS1
EPC22-LEAA	chr9-132655943-132933523	DUP	228.37	11	TSC1
EPC22-LEAA	chr9-132655943-132933523	DUP	228.37	11	SPACA9
EPC22-LEAA	chr9-132655943-132933523	DUP	228.37	11	GTF3C4
EPC22-LEAA	chr9-132655943-132933523	DUP	228.37	11	DDX31
EPC22-LEAA	chr9-132655943-132933523	DUP	228.37	11	AK8
EPF22-OQGT	chr13-114074451-114304988	DUP	221.44	11	UPF3A
EPF22-OQGT	chr13-114074451-114304988	DUP	221.44	11	RASA3
EPF22-OQGT	chr13-114074451-114304988	DUP	221.44	11	CDC16
EPC22-WMBU	chr12-7836077-7969820	DUP	190.32	11	SLC2A3
EPC22-WMBU	chr12-7836077-7969820	DUP	190.32	11	SLC2A14
EPF22-DPSL	chr12-7836077-7969820	DUP	173.89	11	SLC2A3
EPF22-DPSL	chr12-7836077-7969820	DUP	173.89	11	SLC2A14
EPF22-ONQM	chr7-142736273-142787720	DEL	50.54	11	PRSS2
EPF22-ONQM	chr7-142736273-142787720	DEL	50.54	11	PRSS1
EPH22-FDVP	chr1-1621334-1732594	DEL	1292.77	10	SLC35E2B
EPH22-FDVP	chr1-1621334-1732594	DEL	1292.77	10	SLC35E2A
EPH22-FDVP	chr1-1621334-1732594	DEL	1292.77	10	MMP23B
EPH22-FDVP	chr1-1621334-1732594	DEL	1292.77	10	MIB2
EPH22-FDVP	chr1-1621334-1732594	DEL	1292.77	10	CDK11B
EPH22-FDVP	chr1-1621334-1732594	DEL	1292.77	10	CDK11A
EPF22-EEGA	chr10-27030796-27079916	DEL	990.01	10	ANKRD26
EPF22-ZCVG	chr5-1225245-1251741	DEL	878.67	10	SLC6A18
EPF22-KPXD	chr6-35106089-35153409	DUP	353.75	10	TCP11
EPH22-SXQX	chr5-181037604-181067748	DUP	317.02	10	BTNL9
EPD22-RAHI	chr1-1621334-1732594	DUP	195.50	10	SLC35E2B
EPD22-RAHI	chr1-1621334-1732594	DUP	195.50	10	SLC35E2A
EPD22-RAHI	chr1-1621334-1732594	DUP	195.50	10	MMP23B
EPD22-RAHI	chr1-1621334-1732594	DUP	195.50	10	MIB2
EPD22-RAHI	chr1-1621334-1732594	DUP	195.50	10	CDK11B
EPD22-RAHI	chr1-1621334-1732594	DUP	195.50	10	CDK11A
EPG22-VGRQ	chr16-15026391-15046366	DUP	170.82	10	PDXDC1
EPG22-VGRQ	chr16-15026391-15046366	DUP	170.82	10	NTAN1
EPF22-OQSN	chr2-97181766-97232206	DUP	93.79	10	ANKRD36
EPH22-FDVP	chr1-196872323-196934234	DEL	1327.65	9	CFHR4
EPF22-ONQM	chr19-40833713-40896733	DEL	1317.96	9	CYP2A7
EPF22-ONQM	chr19-40833713-40896733	DEL	1317.96	9	CYP2A6
EPF22-WPLA	chr1-196872323-196934234	DEL	1150.93	9	CFHR4
EPF22-ZHPE	chr19-40839781-40854441	DEL	1053.01	9	CYP2A6
EPF22-ZNSK	chr19-40833713-40896733	DEL	1019.79	9	CYP2A7
EPF22-ZNSK	chr19-40833713-40896733	DEL	1019.79	9	CYP2A6
EPF22-BVMT	chr1-196872323-196934234	DEL	932.11	9	CFHR4
EPD22-LXRA	chr7-76439715-76688647	DEL	690.22	9	ZP3
EPD22-LXRA	chr7-76439715-76688647	DEL	690.22	9	UPK3B
EPD22-LXRA	chr7-76439715-76688647	DEL	690.22	9	SPDYE16
EPD22-LXRA	chr7-76439715-76688647	DEL	690.22	9	POMZP3
EPD22-LXRA	chr7-76439715-76688647	DEL	690.22	9	DTX2
EPG22-VGRQ	chr7-63946494-64437173	DEL	658.43	9	ZNF736
EPG22-VGRQ	chr7-63946494-64437173	DEL	658.43	9	ZNF735
EPG22-VGRQ	chr7-63946494-64437173	DEL	658.43	9	ZNF727
EPG22-VGRQ	chr7-63946494-64437173	DEL	658.43	9	ZNF679
EPF22-ECOJ	chr1-196872323-196934234	DEL	633.96	9	CFHR4
EPF22-OUMH	chr19-40839781-40854441	DUP	416.67	9	CYP2A6
EPF22-XAWN	chr19-40839781-40854441	DUP	386.56	9	CYP2A6
EPF22-JNXS	chr4-141080793-141285521	DUP	327.22	9	ZNF330
EPF22-JNXS	chr4-141080793-141285521	DUP	327.22	9	RNF150
EPF22-BHQP	chr12-9186245-9216173	DUP	326.74	9	PZP
EPH22-BSYX	chr1-17259516-17291400	DUP	318.03	9	PADI3
EPH22-JOMP	chr14-52736249-52903096	DUP	282.94	9	STYX
EPH22-JOMP	chr14-52736249-52903096	DUP	282.94	9	GNPNAT1
EPH22-JOMP	chr14-52736249-52903096	DUP	282.94	9	FERMT2
EPF22-PIMC	chr19-54239966-54286917	DUP	245.89	9	LILRB5
EPF22-PIMC	chr19-54239966-54286917	DUP	245.89	9	LILRB2
EPF22-PIMC	chr19-54239966-54286917	DUP	245.89	9	LILRA6
EPF22-QCLR	chr17-69102984-69132852	DEL	245.25	9	ABCA6
EPF22-ZHPE	chr6-70755845-70897822	DUP	210.32	9	SMAP1
EPF22-ZHPE	chr6-70755845-70897822	DUP	210.32	9	B3GAT2
EPF22-QCLR	chr14-60445932-60480808	DEL	90.21	9	C14orf39
EPF22-QCLR	chr15-61867034-61890481	DEL	86.64	9	VPS13C
EPD22-EYHE	chr19-54762754-54842026	DUP	85.96	9	KIR3DL1
EPD22-EYHE	chr19-54762754-54842026	DUP	85.96	9	KIR2DS4
EPD22-EYHE	chr19-54762754-54842026	DUP	85.96	9	KIR2DL4
EPD22-EYHE	chr19-54762754-54842026	DUP	85.96	9	KIR2DL1
EPH22-FDVP	chr19-43156806-43208562	DEL	1110.50	8	PSG5
EPH22-FDVP	chr19-43156806-43208562	DEL	1110.50	8	PSG4
EPF22-JCSU	chr1-206002614-206031317	DEL	1108	8	CTSE
EPF22-LSZJ	chr19-43156806-43208562	DEL	1076.86	8	PSG5
EPF22-LSZJ	chr19-43156806-43208562	DEL	1076.86	8	PSG4
EPC22-GOJD	chr19-43156806-43208562	DEL	1002.19	8	PSG5
EPC22-GOJD	chr19-43156806-43208562	DEL	1002.19	8	PSG4
EPG22-CWOY	chr19-43156806-43208562	DEL	857.71	8	PSG5
EPG22-CWOY	chr19-43156806-43208562	DEL	857.71	8	PSG4
EPC22-QQXS	chr19-40834682-40896410	DEL	831.63	8	CYP2A7
EPC22-QQXS	chr19-40834682-40896410	DEL	831.63	8	CYP2A6
EPF22-HKPL	chr19-43156806-43208562	DEL	830.33	8	PSG5
EPF22-HKPL	chr19-43156806-43208562	DEL	830.33	8	PSG4
EPH22-SXBR	chr19-43156806-43208562	DEL	814.01	8	PSG5
EPH22-SXBR	chr19-43156806-43208562	DEL	814.01	8	PSG4
EPC22-MWXW	chr10-45597424-45672071	DEL	666.63	8	ZFAND4
EPD22-UMWO	chr2-219204228-219213868	DEL	521.82	8	ZFAND2B
EPD22-UMWO	chr2-219204228-219213868	DEL	521.82	8	ABCB6
EPF22-QCLR	chr3-35676426-35696331	DEL	506.46	8	ARPP21
EPH22-SXQX	chr1-1687467-1751091	DEL	489.22	8	SLC35E2A
EPH22-SXQX	chr1-1687467-1751091	DEL	489.22	8	CDK11A
EPF22-AXSM	chr1-196874295-196928319	DEL	467.46	8	CFHR4
EPH22-AVHV	chr1-1687467-1751091	DEL	409.53	8	SLC35E2A
EPH22-AVHV	chr1-1687467-1751091	DEL	409.53	8	CDK11A
EPC22-CLME	chr1-1687467-1751091	DEL	377.72	8	SLC35E2A
EPC22-CLME	chr1-1687467-1751091	DEL	377.72	8	CDK11A
EPF22-AXSM	chr22-39022050-39059225	DEL	354.65	8	APOBEC3F
EPF22-AXSM	chr22-39022050-39059225	DEL	354.65	8	APOBEC3D
EPF22-PKSA	chr1-1687467-1751091	DEL	352.87	8	SLC35E2A
EPF22-PKSA	chr1-1687467-1751091	DEL	352.87	8	CDK11A
EPF22-QCLR	chr18-63886816-63945111	DEL	294.64	8	SERPINB2
EPF22-QCLR	chr18-63886816-63945111	DEL	294.64	8	SERPINB10
EPF22-XAWN	chr13-113799568-113846840	DUP	262.17	8	TMEM255B
EPF22-XAWN	chr13-113799568-113846840	DUP	262.17	8	GAS6
EPG22-XSLE	chr6-262676-380732	DEL	254.12	8	DUSP22
EPF22-RKEG	chr20-49079005-49102716	DUP	237.55	8	CSE1L
EPG22-RIIU	chr6-262676-380732	DEL	213.11	8	DUSP22
EPF22-HGNG	chr1-17000612-17072288	DUP	201.58	8	SDHB
EPF22-HGNG	chr1-17000612-17072288	DUP	201.58	8	PADI2
EPF22-HGNG	chr1-17000612-17072288	DUP	201.58	8	ATP13A2
EPD22-RAHI	chr8-144727705-145001314	DUP	199.37	8	ZNF7
EPD22-RAHI	chr8-144727705-145001314	DUP	199.37	8	ZNF517
EPD22-RAHI	chr8-144727705-145001314	DUP	199.37	8	ZNF34
EPD22-RAHI	chr8-144727705-145001314	DUP	199.37	8	ZNF251
EPD22-RAHI	chr8-144727705-145001314	DUP	199.37	8	ZNF250
EPD22-RAHI	chr8-144727705-145001314	DUP	199.37	8	ZNF16
EPD22-RAHI	chr8-144727705-145001314	DUP	199.37	8	RPL8
EPD22-RAHI	chr8-144727705-145001314	DUP	199.37	8	COMMD5
EPF22-TLAF	chr5-729022-878326	DEL	191.31	8	ZDHHC11B
EPF22-TLAF	chr5-729022-878326	DEL	191.31	8	ZDHHC11
EPF22-TLAF	chr5-729022-878326	DEL	191.31	8	BRD9
EPF22-BHVU	chr6-262676-380732	DEL	181.43	8	DUSP22
EPD22-NSSH	chr15-67185121-67254520	DUP	147.46	8	SMAD3
EPD22-NSSH	chr15-67185121-67254520	DUP	147.46	8	AAGAB
EPC22-NHBR	chr6-262676-380732	DEL	139.39	8	DUSP22
EPD22-UMWO	chr9-112565292-112885325	DUP	136.38	8	SNX30
EPD22-UMWO	chr9-112565292-112885325	DUP	136.38	8	SLC46A2
EPD22-UMWO	chr9-112565292-112885325	DUP	136.38	8	KIAA1958
EPD22-UMWO	chr9-112565292-112885325	DUP	136.38	8	INIP
EPF22-QCLR	chr5-148056832-148109396	DEL	118.20	8	SPINK5
EPF22-QCLR	chr15-37932087-37947635	DEL	115.81	8	TMCO5A
EPC22-MHCJ	chr12-110708148-110754693	DUP	114.39	8	PPP1CC
EPC22-YXFR	chr1-1687467-1751091	DUP	106.49	8	SLC35E2A
EPC22-YXFR	chr1-1687467-1751091	DUP	106.49	8	CDK11A
EPC22-CUVR	chr1-1687467-1751091	DUP	101.68	8	SLC35E2A
EPC22-CUVR	chr1-1687467-1751091	DUP	101.68	8	CDK11A
EPC22-MWXW	chr1-1687467-1751091	DUP	98.13	8	SLC35E2A
EPC22-MWXW	chr1-1687467-1751091	DUP	98.13	8	CDK11A
EPD22-LXRA	chr1-1687467-1751091	DUP	94.37	8	SLC35E2A
EPD22-LXRA	chr1-1687467-1751091	DUP	94.37	8	CDK11A
EPH22-SXBR	chr6-262676-380732	DUP	65.98	8	DUSP22
EPH22-JOMP	chr8-16082302-16192034	DEL	941.36	7	MSR1
EPF22-JNXS	chr11-60436539-60479578	DEL	809.01	7	MS4A5
EPF22-JNXS	chr11-60436539-60479578	DEL	809.01	7	MS4A1
EPF22-BHVU	chr19-54793849-54831661	DEL	546.41	7	KIR3DL1
EPF22-BHVU	chr19-54793849-54831661	DEL	546.41	7	KIR2DL4
EPF22-QCLR	chr14-87926024-87959456	DEL	470.27	7	GALC
EPF22-BBWT	chr1-1688623-1747623	DEL	440.08	7	SLC35E2A
EPF22-BBWT	chr1-1688623-1747623	DEL	440.08	7	CDK11A
EPF22-ONQM	chr19-54793849-54831661	DEL	420.79	7	KIR3DL1
EPF22-ONQM	chr19-54793849-54831661	DEL	420.79	7	KIR2DL4
EPD22-BWXX	chr4-70296822-70448293	DEL	419.55	7	SMR3B
EPD22-BWXX	chr4-70296822-70448293	DEL	419.55	7	SMR3A
EPD22-BWXX	chr4-70296822-70448293	DEL	419.55	7	OPRPN
EPD22-BWXX	chr4-70296822-70448293	DEL	419.55	7	CABS1
EPH22-TSOY	chr5-730607-873571	DEL	311.95	7	ZDHHC11B
EPH22-TSOY	chr5-730607-873571	DEL	311.95	7	ZDHHC11
EPH22-TSOY	chr5-730607-873571	DEL	311.95	7	BRD9
EPG22-RIIU	chr12-75493118-75514022	DUP	280.95	7	KRR1
EPG22-RIIU	chr12-75493118-75514022	DUP	280.95	7	GLIPR1
EPG22-BLWC	chr21-46625266-46670610	DUP	274.13	7	PRMT2
EPF22-TLAF	chr6-280808-374688	DEL	259.85	7	DUSP22
EPD22-RAHI	chr7-5848640-5976240	DEL	255.20	7	RSPH10B
EPD22-RAHI	chr7-5848640-5976240	DEL	255.20	7	PMS2
EPD22-RAHI	chr7-5848640-5976240	DEL	255.20	7	OCM
EPD22-RAHI	chr7-5848640-5976240	DEL	255.20	7	CCZ1
EPG22-HFMC	chr12-75493118-75514022	DUP	248.15	7	KRR1
EPG22-HFMC	chr12-75493118-75514022	DUP	248.15	7	GLIPR1
EPC22-MHCJ	chr6-280808-374688	DEL	214.89	7	DUSP22
EPF22-QCLR	chr3-105532968-105559596	DEL	199.87	7	ALCAM
EPC22-GOJD	chr15-57425354-57474538	DUP	185.34	7	CGNL1
EPF22-QCLR	chr2-168930183-168986472	DEL	166.85	7	ABCB11
EPD22-NSSH	chr6-280808-374688	DEL	158.14	7	DUSP22
EPF22-JSTP	chr19-54793849-54831661	DUP	141.85	7	KIR3DL1
EPF22-JSTP	chr19-54793849-54831661	DUP	141.85	7	KIR2DL4
EPF22-JOSD	chr17-37367577-37400240	DUP	139.17	7	C17orf78
EPF22-QCLR	chr3-130408227-130428100	DEL	132.53	7	COL6A5
EPC22-ZMBQ	chr19-54793849-54831661	DUP	125.97	7	KIR3DL1
EPC22-ZMBQ	chr19-54793849-54831661	DUP	125.97	7	KIR2DL4
EPF22-PBFT	chr14-55634247-55644731	DEL	125.92	7	KTN1
EPF22-QCLR	chr15-53442965-53740502	DEL	122.17	7	WDR72
EPD22-SRLU	chr21-44751807-44828688	DUP	111.43	7	UBE2G2
EPD22-SRLU	chr21-44751807-44828688	DUP	111.43	7	SUMO3
EPF22-QCLR	chr2-97540174-97568222	DEL	96.72	7	ANKRD36B
EPF22-QCLR	chr11-105018355-105036055	DEL	75.30	7	CASP5
EPF22-QCLR	chr11-105018355-105036055	DEL	75.30	7	CASP1
EPF22-SILP	chr6-280808-374688	DUP	69.94	7	DUSP22
EPF22-QCLR	chr1-86565743-86585679	DEL	69.77	7	CLCA4
EPF22-QCLR	chr2-165984378-166022050	DEL	65.98	7	SCN1A
EPF22-LSZJ	chr17-75891648-75909751	DEL	1236.66	6	TRIM65
EPF22-LSZJ	chr17-75891648-75909751	DEL	1236.66	6	MRPL38
EPH22-CAMQ	chr4-73819159-73888128	DEL	1003.88	6	PF4V1
EPH22-CAMQ	chr4-73819159-73888128	DEL	1003.88	6	CXCL6
EPH22-CAMQ	chr4-73819159-73888128	DEL	1003.88	6	CXCL1
EPC22-YXFR	chr19-42917974-42943910	DEL	846.37	6	PSG7
EPC22-NHBR	chr4-68807890-68839009	DEL	693.19	6	UGT2B10
EPF22-DVKY	chr19-42746550-42772391	DEL	631.32	6	PSG8
EPF22-HKPL	chr1-180207806-180297303	DUP	598.24	6	LHX4
EPF22-HKPL	chr1-180207806-180297303	DUP	598.24	6	ACBD6
EPF22-JOSD	chr1-47034619-47080611	DEL	591.09	6	CYP4Z1
EPF22-JOSD	chr1-47034619-47080611	DEL	591.09	6	CYP4X1
EPF22-QCLR	chr13-77892160-77907889	DEL	548.78	6	EDNRB
EPD22-OYKR	chr6-52737273-52818225	DEL	437.31	6	GSTA2
EPD22-OYKR	chr6-52737273-52818225	DEL	437.31	6	GSTA1
EPH22-JOMP	chr1-1706402-1744779	DEL	388.51	6	SLC35E2A
EPH22-JOMP	chr1-1706402-1744779	DEL	388.51	6	CDK11A
EPF22-HROD	chr12-18076017-18095314	DEL	387.70	6	RERGL
EPF22-ATWR	chr1-1692173-1736972	DEL	311.11	6	SLC35E2A
EPF22-ATWR	chr1-1692173-1736972	DEL	311.11	6	CDK11A
EPF22-RYRB	chr8-8124892-8896539	DUP	299.41	6	PRAG1
EPF22-RYRB	chr8-8124892-8896539	DUP	299.41	6	MFHAS1
EPF22-RYRB	chr8-8124892-8896539	DUP	299.41	6	CLDN23
EPH22-CNUZ	chr19-17328896-17343633	DUP	292.39	6	GTPBP3
EPH22-CNUZ	chr19-17328896-17343633	DUP	292.39	6	ANO8
EPF22-QCLR	chr18-63634090-63647206	DEL	287.67	6	SERPINB4
EPG22-RIIU	chr5-782221-856366	DEL	287.28	6	ZDHHC11
EPF22-HGNG	chr5-736722-855227	DEL	281.87	6	ZDHHC11B
EPF22-HGNG	chr5-736722-855227	DEL	281.87	6	ZDHHC11
EPF22-QCLR	chr7-84998196-85031219	DEL	274.70	6	SEMA3D
EPD22-LKAA	chr1-1706402-1744779	DEL	259.17	6	SLC35E2A
EPD22-LKAA	chr1-1706402-1744779	DEL	259.17	6	CDK11A
EPC22-TWUF	chr19-54802729-54869266	DEL	249.82	6	KIR3DL2
EPC22-TWUF	chr19-54802729-54869266	DEL	249.82	6	KIR3DL1
EPC22-TWUF	chr19-54802729-54869266	DEL	249.82	6	KIR2DS4
EPC22-TWUF	chr19-54802729-54869266	DEL	249.82	6	KIR2DL4
EPF22-RKEG	chr6-49933639-49982087	DEL	245.31	6	DEFB133
EPF22-RKEG	chr6-49933639-49982087	DEL	245.31	6	DEFB114
EPF22-RKEG	chr6-49933639-49982087	DEL	245.31	6	DEFB113
EPF22-QCLR	chr13-59964536-60002399	DEL	242.99	6	DIAPH3
EPF22-UYDT	chr1-180207806-180297303	DUP	230.81	6	LHX4
EPF22-UYDT	chr1-180207806-180297303	DUP	230.81	6	ACBD6
EPF22-QCLR	chr16-61657472-61881548	DEL	215.14	6	CDH8
EPD22-UMWO	chr5-736722-855227	DEL	200.20	6	ZDHHC11B
EPD22-UMWO	chr5-736722-855227	DEL	200.20	6	ZDHHC11
EPF22-ZNSK	chr19-42746550-42772391	DUP	187.60	6	PSG8
EPC22-MWXW	chr17-16995349-17183950	DUP	163.59	6	MPRIP
EPF22-BVMT	chr6-84153464-84181455	DUP	160.50	6	CEP162
EPF22-RKEG	chr2-185747638-185799638	DEL	149.08	6	FSIP2
EPF22-QCLR	chr2-185747600-185770687	DEL	135.64	6	FSIP2
EPG22-HFMC	chr8-30053658-30093179	DUP	121.51	6	SARAF
EPF22-RKEG	chr2-176319058-176334994	DEL	113.18	6	MTX2
EPF22-QCLR	chr7-93454407-93510239	DEL	100.38	6	CALCR
EPF22-QCLR	chr13-46771930-46792635	DEL	97.79	6	ESD
EPH22-OBWT	chr2-178663184-178676343	DEL	92.13	6	TTN
EPF22-QCLR	chr21-15741007-15827142	DEL	84.39	6	USP25
EPF22-DPSL	chr14-60457767-60492967	DEL	76.99	6	C14orf39
EPF22-EDAS	chr5-806725-856524	DUP	75.34	6	ZDHHC11
EPF22-BBWT	chr5-806725-856524	DUP	72.71	6	ZDHHC11
EPF22-ATWR	chr5-806725-856524	DUP	61.89	6	ZDHHC11
EPH22-CAMQ	chr5-806725-856524	DUP	51.05	6	ZDHHC11
EPH22-FBGH	chr3-151806459-151835876	DEL	877.25	5	AADAC
EPD22-OYKR	chr4-140554780-140573845	DEL	868.45	5	UCP1
EPF22-WPLA	chr7-143105258-143211294	DEL	795.74	5	TAS2R39
EPF22-WPLA	chr7-143105258-143211294	DEL	795.74	5	PIP
EPF22-EDAS	chr3-151806459-151835876	DEL	711.15	5	AADAC
EPH22-JZYM	chr19-43178836-43201219	DEL	624.76	5	PSG5
EPH22-JZYM	chr19-43178836-43201219	DEL	624.76	5	PSG4
EPH22-OBWT	chr19-53424161-53515194	DEL	495.16	5	ZNF813
EPH22-OBWT	chr19-53424161-53515194	DEL	495.16	5	ZNF761
EPF22-HROD	chr19-43178836-43201219	DEL	450.84	5	PSG5
EPF22-HROD	chr19-43178836-43201219	DEL	450.84	5	PSG4
EPD22-OYKR	chr14-23950251-24022876	DEL	431.95	5	DHRS4L2
EPD22-OYKR	chr14-23950251-24022876	DEL	431.95	5	DHRS4
EPF22-KBJU	chr4-143984105-144031481	DEL	429.26	5	GYPB
EPH22-AVHV	chr19-6368746-6394297	DUP	419.54	5	PSPN
EPH22-AVHV	chr19-6368746-6394297	DUP	419.54	5	GTF2F1
EPH22-AVHV	chr19-6368746-6394297	DUP	419.54	5	CLPP
EPH22-AVHV	chr19-6368746-6394297	DUP	419.54	5	ALKBH7
EPC22-TWUF	chr19-43178836-43201219	DEL	413.72	5	PSG5
EPC22-TWUF	chr19-43178836-43201219	DEL	413.72	5	PSG4
EPF22-KPXD	chr22-42552552-42581689	DEL	385.19	5	SERHL2
EPH22-QHNV	chr19-6368746-6394297	DUP	373.94	5	PSPN
EPH22-QHNV	chr19-6368746-6394297	DUP	373.94	5	GTF2F1
EPH22-QHNV	chr19-6368746-6394297	DUP	373.94	5	CLPP
EPH22-QHNV	chr19-6368746-6394297	DUP	373.94	5	ALKBH7
EPF22-DHHO	chr4-143984105-144031481	DEL	365.45	5	GYPB
EPG22-FLPU	chr14-23950251-24022876	DEL	361.99	5	DHRS4L2
EPG22-FLPU	chr14-23950251-24022876	DEL	361.99	5	DHRS4
EPD22-RBHG	chr19-43001111-43035259	DEL	358.89	5	PSG11
EPC22-QVUI	chr19-41749629-41772269	DEL	349.73	5	CEACAM6
EPC22-NHBR	chr3-151806459-151835876	DEL	336.98	5	AADAC
EPC22-HEAY	chr14-23943974-24006287	DEL	304.43	5	DHRS4L2
EPC22-HEAY	chr14-23943974-24006287	DEL	304.43	5	DHRS4
EPF22-WPHN	chr22-42552552-42581689	DEL	295.17	5	SERHL2
EPH22-THIA	chr22-42552552-42581689	DEL	274.19	5	SERHL2
EPF22-NVGF	chr5-788335-838023	DEL	265.13	5	ZDHHC11
EPD22-UMWO	chr16-22332593-22388681	DEL	264.22	5	POLR3E
EPD22-UMWO	chr16-22332593-22388681	DEL	264.22	5	CDR2
EPF22-ZCVG	chr14-23950251-24022876	DEL	228.84	5	DHRS4L2
EPF22-ZCVG	chr14-23950251-24022876	DEL	228.84	5	DHRS4
EPD22-ETXX	chr10-14930637-14987109	DEL	214.15	5	MEIG1
EPD22-ETXX	chr10-14930637-14987109	DEL	214.15	5	DCLRE1C
EPF22-JCSU	chr14-23950251-24022876	DEL	214.06	5	DHRS4L2
EPF22-JCSU	chr14-23950251-24022876	DEL	214.06	5	DHRS4
EPF22-QCLR	chr18-54870972-54896027	DEL	211.06	5	RAB27B
EPF22-QCLR	chr2-140225498-140254850	DEL	189.01	5	LRP1B
EPF22-NYBJ	chr5-788335-838023	DEL	182.77	5	ZDHHC11
EPF22-LUBW	chr16-29804372-29812651	DUP	176.08	5	MAZ
EPF22-LUBW	chr16-29804372-29812651	DUP	176.08	5	KIF22
EPF22-QCLR	chr14-51692396-51713979	DEL	165.31	5	FRMD6
EPD22-MKDD	chr19-6368746-6394297	DUP	165.15	5	PSPN
EPD22-MKDD	chr19-6368746-6394297	DUP	165.15	5	GTF2F1
EPD22-MKDD	chr19-6368746-6394297	DUP	165.15	5	CLPP
EPD22-MKDD	chr19-6368746-6394297	DUP	165.15	5	ALKBH7
EPF22-EEGA	chr2-47371863-47423675	DUP	160.77	5	MSH2
EPF22-EEGA	chr2-47371863-47423675	DUP	160.77	5	EPCAM
EPF22-QCLR	chr12-21036983-21060987	DEL	127.38	5	SLCO1B7
EPH22-JWWY	chr7-5870455-5910795	DUP	125.98	5	OCM
EPH22-JWWY	chr7-5870455-5910795	DUP	125.98	5	CCZ1
EPF22-WPLA	chr8-47243723-47311266	DUP	120.43	5	SPIDR
EPC22-YXFR	chr14-54510317-54587844	DUP	118.68	5	SAMD4A
EPC22-YXFR	chr14-54510317-54587844	DUP	118.68	5	CGRRF1
EPF22-QCLR	chr11-121038601-121065561	DEL	117.95	5	TBCEL
EPF22-ECOJ	chr3-28312350-28339586	DEL	117.61	5	CMC1
EPF22-ECOJ	chr3-28312350-28339586	DEL	117.61	5	AZI2
EPC22-MHCJ	chr14-23943974-24006287	DEL	115.62	5	DHRS4L2
EPC22-MHCJ	chr14-23943974-24006287	DEL	115.62	5	DHRS4
EPF22-QCLR	chr10-88756945-88773389	DEL	106.44	5	LIPN
EPF22-ECOJ	chr19-43057851-43091275	DUP	105.94	5	PSG2
EPF22-XAWN	chr8-30056808-30092129	DUP	101.46	5	SARAF
EPC22-CUVR	chr19-16740413-16773918	DUP	99.50	5	NWD1
EPF22-JOBV	chr10-14930637-14987109	DUP	99.10	5	MEIG1
EPF22-JOBV	chr10-14930637-14987109	DUP	99.10	5	DCLRE1C
EPD22-UMWO	chr8-30056808-30092129	DUP	92.62	5	SARAF
EPF22-DPSL	chr10-32465032-32571191	DEL	84.47	5	CCDC7
EPC22-UKUW	chr7-142057299-142068658	DUP	81.36	5	MGAM
EPF22-QCLR	chr18-62214555-62239082	DEL	69.98	5	KIAA1468
EPH22-BSYX	chr9-68338756-68410845	DUP	64.59	5	PGM5
EPF22-RKEG	chr2-162353836-162362845	DEL	53.36	5	GCA
EPF22-JWLJ	chr7-100731247-100741535	DEL	892.67	4	ZAN
EPF22-JNXS	chr7-100731247-100741535	DEL	887.46	4	ZAN
EPG22-LSXP	chr7-100731247-100741535	DEL	853.94	4	ZAN
EPF22-NYBJ	chr7-100731247-100741535	DEL	853.51	4	ZAN
EPC22-BPQM	chr7-100731247-100741535	DEL	835.46	4	ZAN
EPH22-AVHV	chr19-8329907-8340935	DEL	816.28	4	KANK3
EPC22-ZMBQ	chr7-100731247-100741535	DEL	751.76	4	ZAN
EPC22-CUVR	chr7-100731247-100741535	DEL	735.68	4	ZAN
EPF22-JCSU	chr2-43219337-43237864	DEL	643.98	4	ZFP36L2
EPF22-JCSU	chr2-43219337-43237864	DEL	643.98	4	THADA
EPF22-WPHN	chr10-27389616-27422928	DEL	639.27	4	PTCHD3
EPD22-IFOZ	chr7-100731247-100741535	DEL	603.17	4	ZAN
EPC22-ZMBQ	chr22-25346953-25364938	DEL	541.79	4	LRP5L
EPG22-BZKO	chr6-31398534-31417530	DEL	516.06	4	MICA
EPH22-FDVP	chr12-25031002-25040987	DEL	501.67	4	LOC645177
EPF22-WRQS	chr10-27389616-27422928	DEL	499.52	4	PTCHD3
EPH22-JZYM	chr9-33243485-33261849	DEL	494.54	4	SPINK4
EPH22-JZYM	chr9-33243485-33261849	DEL	494.54	4	BAG1
EPH22-SXQX	chr19-8329907-8340935	DEL	475.26	4	KANK3
EPF22-FIHW	chr9-127869726-127876714	DEL	466.87	4	AK1
EPF22-EEGA	chr6-31398534-31417530	DEL	449.76	4	MICA
EPH22-JZYM	chr1-21998391-22010127	DEL	408.21	4	CELA3A
EPF22-SILP	chr9-133060024-133076144	DEL	407.31	4	CEL
EPD22-ETXX	chr22-25346953-25364938	DEL	400.37	4	LRP5L
EPD22-LKAA	chr6-31398534-31417530	DEL	377.57	4	MICA
EPF22-JCSU	chr17-2960484-2967829	DEL	375.80	4	RAP1GAP2
EPC22-RLQJ	chr6-31398534-31417530	DEL	365.67	4	MICA
EPF22-MVHB	chr14-23980537-24012781	DEL	327.73	4	DHRS4L2
EPF22-WATJ	chr7-65360360-65413513	DEL	326.58	4	ZNF92
EPF22-RKEG	chr10-37191204-37229928	DEL	297.67	4	ANKRD30A
EPF22-HGNG	chr19-8903252-8907589	DEL	295	4	MUC16
EPD22-SRLU	chr4-70371029-70423557	DEL	269.96	4	SMR3B
EPD22-SRLU	chr4-70371029-70423557	DEL	269.96	4	OPRPN
EPF22-RKEG	chr2-166006015-166019431	DEL	258.63	4	SCN1A
EPD22-RQWU	chr1-21998391-22010127	DEL	234.44	4	CELA3A
EPG22-XSLE	chr5-790013-832989	DEL	230.32	4	ZDHHC11
EPG22-BZKO	chr1-25381796-25396056	DUP	165.23	4	RHCE
EPF22-HKPL	chr5-790013-832989	DEL	160.92	4	ZDHHC11
EPH22-OBWT	chr7-81966699-81974052	DEL	158.20	4	CACNA2D1
EPH22-LSHG	chr2-38721040-38753703	DUP	157.04	4	SRSF7
EPH22-LSHG	chr2-38721040-38753703	DUP	157.04	4	GALM
EPF22-QCLR	chr13-77735169-77770224	DEL	157.03	4	SLAIN1
EPF22-WRDD	chr10-119801529-119810704	DEL	151.64	4	INPP5F
EPF22-RKEG	chr12-80598755-80622570	DEL	147.04	4	PTPRQ
EPH22-OBWT	chr17-69257985-69263469	DEL	144.29	4	ABCA5
EPF22-QCLR	chr16-14853937-14895130	DEL	143.15	4	NOMO1
EPF22-FIHW	chr22-25346953-25364938	DUP	142.62	4	LRP5L
EPF22-AXSM	chr22-41698419-41725359	DEL	129.40	4	MEI1
EPH22-OBWT	chr6-80037743-80044155	DEL	120.35	4	TTK
EPC22-BVAL	chr4-2040329-2045592	DEL	119.80	4	C4orf48
EPC22-XBQB	chr9-133060024-133068084	DUP	107.29	4	CEL
EPC22-XBQB	chr12-77376-120216	DUP	106.71	4	IQSEC3
EPF22-WRQS	chr5-139318498-139333494	DUP	104.92	4	MATR3
EPH22-FBGH	chr2-38721040-38753703	DUP	102.12	4	SRSF7
EPH22-FBGH	chr2-38721040-38753703	DUP	102.12	4	GALM
EPH22-JZYM	chr5-139318498-139333494	DUP	89.60	4	MATR3
EPF22-QCLR	chr12-46771859-46783220	DEL	79.47	4	SLC38A4
EPD22-RAHI	chr5-139318498-139333494	DUP	66.56	4	MATR3
EPG22-VQPM	chr5-139318498-139333494	DUP	64.90	4	MATR3
EPF22-QCLR	chr20-8641798-8664806	DEL	61.80	4	PLCB1
EPF22-RKEG	chr11-95766679-95784808	DEL	54.07	4	FAM76B
EPH22-OBWT	chr1-86379868-86387964	DEL	50.42	4	ODF2L
EPF22-ATWR	chr7-6806046-6828270	DEL	804.51	3	CCZ1B
EPH22-FBGH	chr17-27644679-27650883	DEL	752.47	3	LGALS9
EPH22-JWIZ	chr1-161501237-161566789	DEL	722.68	3	HSPA6
EPH22-JWIZ	chr1-161501237-161566789	DEL	722.68	3	FCGR3A
EPH22-JWIZ	chr1-161501237-161566789	DEL	722.68	3	FCGR2A
EPF22-NYBJ	chr17-41607859-41614764	DEL	566.45	3	KRT16
EPC22-MTYP	chr1-46927258-46937286	DEL	472.34	3	CYP4A11
EPH22-AKEM	chr8-144801553-144805600	DEL	406.73	3	ZNF517
EPF22-HGNG	chr3-4295733-4324884	DEL	406.25	3	SETMAR
EPF22-PKSA	chr19-46117470-46127509	DEL	383.90	3	IGFL3
EPF22-OUMH	chr19-46117470-46127509	DEL	323.04	3	IGFL3
EPH22-SRZC	chr14-23985156-23998925	DEL	314.45	3	DHRS4L2
EPG22-XSLE	chr7-6806046-6828270	DEL	309.99	3	CCZ1B
EPF22-EDAS	chr19-46117470-46127509	DEL	298.48	3	IGFL3
EPG22-RIIU	chr7-6806046-6828270	DEL	259.35	3	CCZ1B
EPF22-OQSN	chr15-30595361-30646717	DEL	256.05	3	GOLGA8H
EPF22-OQSN	chr15-30595361-30646717	DEL	256.05	3	ARHGAP11B
EPF22-LSZJ	chr10-29286638-29295157	DEL	245.51	3	LYZL1
EPF22-RKEG	chr3-28315089-28331370	DEL	237.18	3	CMC1
EPF22-RKEG	chr3-28315089-28331370	DEL	237.18	3	AZI2
EPF22-UGBC	chr19-4285222-4295906	DEL	235.75	3	TMIGD2
EPF22-UGBC	chr19-4285222-4295906	DEL	235.75	3	SHD
EPF22-EEGA	chr19-46117470-46127509	DEL	229.41	3	IGFL3
EPC22-CUVR	chr3-158799572-158807908	DEL	227.99	3	MFSD1
EPD22-LXRA	chr10-22994815-23006747	DEL	227.70	3	ARMC3
EPH22-AKEM	chr7-6806046-6828270	DEL	224.89	3	CCZ1B
EPG22-FLPU	chr22-43525143-43538582	DEL	214.75	3	EFCAB6
EPF22-UJMJ	chr16-15389091-15414919	DEL	203.57	3	MPV17L
EPH22-OBWT	chr10-67986695-67993167	DEL	203.14	3	HERC4
EPG22-VQPM	chr19-46117470-46127509	DEL	182.63	3	IGFL3
EPH22-BSYX	chr7-6806046-6828270	DEL	166.07	3	CCZ1B
EPC22-LOVM	chr7-6806046-6828270	DEL	127.25	3	CCZ1B
EPF22-DPSL	chr2-196871047-196877879	DEL	116.92	3	PGAP1
EPC22-YBEA	chr6-167145047-167190947	DUP	115.51	3	TCP10L2
EPC22-YBEA	chr6-167145047-167190947	DUP	115.51	3	GPR31
EPC22-MHCJ	chr7-6806046-6828270	DEL	114.25	3	CCZ1B
EPF22-QCLR	chr2-162390663-162404167	DEL	95.28	3	KCNH7
EPF22-DPSL	chr6-121275520-121298217	DEL	87.66	3	TBC1D32
EPH22-OBWT	chr20-59866404-59870232	DEL	76.72	3	SYCP2
EPF22-QCLR	chr11-21567935-21577851	DEL	73.55	3	NELL1
EPG22-CWOY	chr7-6806046-6828270	DEL	67.03	3	CCZ1B
EPH22-OBWT	chr11-93349629-93377505	DEL	56.34	3	DEUP1
EPF22-DPSL	chr4-69934628-69938420	DEL	52.54	3	CSN1S1
EPC22-VEJE	chr1-248574981-248644977	DEL	701.68	2	OR2T35
EPC22-VEJE	chr1-248574981-248644977	DEL	701.68	2	OR2T11
EPC22-VEJE	chr1-248574981-248644977	DEL	701.68	2	OR2T10
EPF22-RKEG	chr1-248574981-248644977	DEL	572.47	2	OR2T35
EPF22-RKEG	chr1-248574981-248644977	DEL	572.47	2	OR2T11
EPF22-RKEG	chr1-248574981-248644977	DEL	572.47	2	OR2T10
EPD22-OYKR	chr19-51641679-51646982	DEL	413.58	2	SIGLEC14
EPF22-TLAF	chr19-51641679-51646982	DEL	396.64	2	SIGLEC14
EPF22-BVMT	chr19-51641679-51646982	DEL	390.49	2	SIGLEC14
EPF22-GGRH	chr14-73566367-73576464	DEL	361.34	2	ACOT2
EPF22-EDAS	chr16-89098944-89104497	DEL	340.61	2	ACSF3
EPC22-UKUW	chr19-51641679-51646982	DEL	312.79	2	SIGLEC14
EPH22-JOMP	chr12-102145745-102154285	DEL	309.76	2	PARPBP
EPF22-RYRB	chr19-1781491-1786239	DEL	290.44	2	ATP8B3
EPF22-WPHN	chr17-63893578-63897955	DEL	280.49	2	CSH1
EPH22-JZYM	chr17-73749487-73752478	DEL	273.50	2	LOC100134391
EPG22-XSLE	chr19-2914272-2920095	DEL	270.10	2	ZNF57
EPF22-RCBH	chr17-21526539-21560183	DEL	269.15	2	C17orf51
EPF22-JNXS	chr7-72937546-72940322	DEL	261.65	2	POM121
EPF22-ZCVG	chr11-96381764-96386208	DEL	255.80	2	CCDC82
EPF22-JOSD	chr1-212826588-212839803	DEL	242.85	2	SPATA45
EPF22-HGNG	chr1-1636054-1638165	DEL	242.80	2	CDK11B
EPF22-RCBH	chr13-57636355-57755407	DEL	228.85	2	PCDH17
EPF22-BHVU	chr1-212826588-212839803	DEL	224.92	2	SPATA45
EPF22-WRQS	chr19-9755541-9761876	DEL	218.84	2	ZNF846
EPF22-HGNG	chr17-63893578-63897955	DEL	216	2	CSH1
EPF22-JOSD	chr11-18582221-18606389	DEL	212.97	2	UEVLD
EPF22-JOSD	chr11-18582221-18606389	DEL	212.97	2	SPTY2D1OS
EPF22-WRDD	chr3-184993868-185002325	DEL	212.88	2	VPS8
EPF22-XCGX	chr1-13329407-13386531	DEL	209.23	2	PRAMEF19
EPF22-XCGX	chr1-13329407-13386531	DEL	209.23	2	PRAMEF14
EPF22-ZHPE	chr14-73566367-73576464	DEL	196.28	2	ACOT2
EPF22-ZNSK	chr1-212826588-212839803	DEL	167.06	2	SPATA45
EPC22-FSMR	chr11-61246921-61251512	DEL	165.25	2	PGA5
EPF22-RKEG	chr1-212826588-212839803	DEL	162.75	2	SPATA45
EPH22-OBWT	chr12-96950422-96953063	DEL	154.95	2	NEDD1
EPF22-BVMT	chr1-212826588-212839803	DEL	154.48	2	SPATA45
EPD22-KKBX	chr12-40425219-40428571	DEL	148.66	2	MUC19
EPC22-CLME	chr1-212826588-212839803	DEL	148.40	2	SPATA45
EPD22-LXRA	chr16-5056821-5062108	DEL	143.18	2	C16orf89
EPH22-AKEM	chr19-10854526-10860082	DEL	139.67	2	C19orf38
EPH22-OBWT	chr2-143950852-143953973	DEL	134.79	2	GTDC1
EPG22-BZKO	chr15-28195192-28218847	DEL	131.17	2	HERC2
EPG22-BZKO	chr11-63091137-63109152	DEL	129.79	2	SLC22A24
EPH22-OBWT	chr6-64433885-64441641	DEL	126.83	2	EYS
EPH22-OBWT	chr12-28448215-28454600	DEL	126.23	2	CCDC91
EPC22-MWXW	chr2-158115227-158124215	DEL	125.18	2	UPP2
EPH22-FDVP	chr8-56164530-56169982	DUP	125.16	2	PLAG1
EPF22-NYBJ	chr1-198261045-198265765	DEL	123.99	2	NEK7
EPG22-CWOY	chr7-102402448-102409648	DEL	117.88	2	PRKRIP1
EPC22-TWUF	chr14-23987542-23991765	DEL	116.53	2	DHRS4L2
EPF22-MVHB	chr5-176564458-176566638	DEL	114.90	2	CDHR2
EPF22-JCSU	chr5-139320415-139327744	DUP	113.83	2	MATR3
EPF22-PMQH	chr2-97028406-97248402	DEL	112.99	2	FAHD2B
EPF22-PMQH	chr2-97028406-97248402	DEL	112.99	2	ANKRD36
EPH22-OBWT	chr15-62010901-62014325	DEL	111.73	2	VPS13C
EPC22-HEAY	chr5-139320415-139327744	DUP	111.36	2	MATR3
EPH22-OBWT	chr10-89735833-89740650	DEL	110.25	2	KIF20B
EPC22-LEAA	chr9-76821382-76828982	DEL	104.13	2	PRUNE2
